Time,Currency,Contract,Type,Direction,Quantity,Position,Filled Price,Funding,Fee Paid,Cash Flow, Change,Wallet Balance,Action
2026-03-07
17:29:02
USDT
BTCUSDT
Trade
Close Sell
0.0010
0.000
67,268.30000000
0.00000000
0.0370 USDT
+0.0704
+0.0334
76.0008
Details
2026-03-07
17:15:48
USDT
BTCUSDT
Trade
Open Buy
0.0010
0.001
67,197.90000000
0.00000000
0.0370 USDT
0.0000
-0.0370
75.9674
Details
2026-03-07
17:03:42
USDT
BTCUSDT
Trade
Close Sell
0.0010
0.000
67,154.10000000
0.00000000
0.0369 USDT
+0.0733
+0.0364
76.0043
Details
2026-03-07
17:01:14
USDT
BTCUSDT
Trade
Open Buy
0.0010
0.001
67,080.80000000
0.00000000
0.0369 USDT
0.0000
-0.0369
75.9680
Details
2026-03-07
16:49:57
USDT
BTCUSDT
Trade
Close Sell
0.0010
0.000
67,139.20000000
0.00000000
0.0369 USDT
-0.0749
-0.1118
76.0049
Details
2026-03-07
16:46:22
USDT
BTCUSDT
Trade
Open Buy
0.0010
0.001
67,214.10000000
0.00000000
0.0370 USDT
0.0000
-0.0370
76.1167
Details
2026-03-08
00:15:22
USDT
BTCUSDT
Trade
Open Sell
0.0010
-0.001
66,993.90000000
0.00000000
0.0368 USDT
0.0000
-0.0368
74.9268
Details
2026-03-08
00:03:00
USDT
BTCUSDT
Trade
Close Buy
0.0010
0.000
66,902.40000000
0.00000000
0.0368 USDT
-0.0768
-0.1136
74.9636
Details
2026-03-08
00:00:35
USDT
BTCUSDT
Trade
Open Sell
0.0010
-0.001
66,825.60000000
0.00000000
0.0368 USDT
0.0000
-0.0368
75.0772
Details
2026-03-07
23:47:09
USDT
BTCUSDT
Trade
Close Sell
0.0010
0.000
67,230.20000000
0.00000000
0.0370 USDT
-0.0698
-0.1068
75.1140
Details
2026-03-07
23:45:20
USDT
BTCUSDT
Trade
Open Buy
0.0010
0.001
67,300.00000000
0.00000000
0.0370 USDT
0.0000
-0.0370
75.2208
Details
2026-03-07
21:17:36
USDT
BTCUSDT
Trade
Close Buy
0.0010
0.000
67,389.80000000
0.00000000
0.0371 USDT
-0.0737
-0.1108
75.2578
Details
2026-03-07
21:00:00
USDT
BTCUSDT
Funding Rate Settlement
Sell
--
-0.001
--
-0.00252377
-- USDT
0.0000
-0.0025
75.3685
Details
2026-03-07
20:30:21
USDT
BTCUSDT
Trade
Open Sell
0.0010
-0.001
67,316.10000000
0.00000000
0.0370 USDT
0.0000
-0.0370
75.3711
Details
2026-03-07
19:33:12
USDT
BTCUSDT
Trade
Close Sell
0.0010
0.000
67,223.10000000
0.00000000
0.0370 USDT
-0.0682
-0.1052
75.4081
Details
2026-03-07
19:15:22
USDT
BTCUSDT
Trade
Open Buy
0.0010
0.001
67,291.30000000
0.00000000
0.0370 USDT
0.0000
-0.0370
75.5133
Details
2026-03-07
19:09:48
USDT
BTCUSDT
Trade
Close Sell
0.0010
0.000
67,333.40000000
0.00000000
0.0370 USDT
-0.0714
-0.1084
75.5503
Details
2026-03-07
19:00:19
USDT
BTCUSDT
Trade
Open Buy
0.0010
0.001
67,404.80000000
0.00000000
0.0371 USDT
0.0000
-0.0371
75.6587
Details
2026-03-07
18:47:19
USDT
BTCUSDT
Trade
Close Sell
0.0010
0.000
67,255.00000000
0.00000000
0.0370 USDT
-0.0690
-0.1060
75.6958
Details
2026-03-07
18:45:26
USDT
BTCUSDT
Trade
Open Buy
0.0010
0.001
67,324.00000000
0.00000000
0.0370 USDT
0.0000
-0.0370
75.8018
Details
2026-03-07
18:35:20
USDT
BTCUSDT
Trade
Close Sell
0.0010
0.000
67,289.90000000
0.00000000
0.0370 USDT
-0.0980
-0.1350
75.8388
Details
2026-03-07
18:15:23
USDT
BTCUSDT
Trade
Open Buy
0.0010
0.001
67,387.90000000
0.00000000
0.0371 USDT
0.0000
-0.0371
75.9738
Details
2026-03-07
18:01:09
USDT
BTCUSDT
Trade
Close Sell
0.0010
0.000
67,408.80000000
0.00000000
0.0371 USDT
+0.0695
+0.0324
76.0109
Details
2026-03-07
18:00:28
USDT
BTCUSDT
Trade
Open Buy
0.0010
0.001
67,339.30000000
0.00000000
0.0370 USDT
0.0000
-0.0370
75.9784
Details
2026-03-07
17:37:11
USDT
BTCUSDT
Trade
Close Sell
0.0010
0.000
67,319.20000000
0.00000000
0.0370 USDT
+0.0887
+0.0517
76.0155
Details
2026-03-07
17:30:26
USDT
BTCUSDT
Trade
Open Buy
0.0010
0.001
67,230.50000000
0.00000000
0.0370 USDT
0.0000
-0.0370
75.9638
Details
2026-03-08
04:45:20
USDT
BTCUSDT
Trade
Open Buy
0.0010
0.001
67,280.00000000
0.00000000
0.0370 USDT
0.0000
-0.0370
74.4610
Details
2026-03-08
04:34:42
USDT
BTCUSDT
Trade
Close Sell
0.0010
0.000
67,256.50000000
0.00000000
0.0370 USDT
-0.0731
-0.1101
74.4980
Details
2026-03-08
04:30:39
USDT
BTCUSDT
Trade
Open Buy
0.0010
0.001
67,329.60000000
0.00000000
0.0370 USDT
0.0000
-0.0370
74.6081
Details
2026-03-08
03:56:06
USDT
BTCUSDT
Trade
Close Sell
0.0010
0.000
67,152.70000000
0.00000000
0.0369 USDT
+0.0798
+0.0429
74.6451
Details
2026-03-08
03:15:38
USDT
BTCUSDT
Trade
Open Buy
0.0010
0.001
67,072.90000000
0.00000000
0.0369 USDT
0.0000
-0.0369
74.6022
Details
2026-03-08
03:04:07
USDT
BTCUSDT
Trade
Close Sell
0.0010
0.000
67,196.00000000
0.00000000
0.0370 USDT
+0.0698
+0.0328
74.6391
Details
2026-03-08
03:01:11
USDT
BTCUSDT
Trade
Open Buy
0.0010
0.001
67,126.20000000
0.00000000
0.0369 USDT
0.0000
-0.0369
74.6063
Details
2026-03-08
02:48:21
USDT
BTCUSDT
Trade
Close Sell
0.0010
0.000
67,188.70000000
0.00000000
0.0370 USDT
+0.0673
+0.0303
74.6432
Details
2026-03-08
02:30:22
USDT
BTCUSDT
Trade
Open Buy
0.0010
0.001
67,121.40000000
0.00000000
0.0369 USDT
0.0000
-0.0369
74.6129
Details
2026-03-08
02:19:08
USDT
BTCUSDT
Trade
Close Sell
0.0010
0.000
67,010.40000000
0.00000000
0.0369 USDT
+0.0687
+0.0318
74.6498
Details
2026-03-08
02:15:19
USDT
BTCUSDT
Trade
Open Buy
0.0010
0.001
66,941.70000000
0.00000000
0.0368 USDT
0.0000
-0.0368
74.6179
Details
2026-03-08
02:01:08
USDT
BTCUSDT
Trade
Close Sell
0.0010
0.000
66,677.30000000
0.00000000
0.0367 USDT
+0.0730
+0.0363
74.6548
Details
2026-03-08
02:00:19
USDT
BTCUSDT
Trade
Open Buy
0.0010
0.001
66,604.30000000
0.00000000
0.0366 USDT
0.0000
-0.0366
74.6184
Details
2026-03-08
01:47:19
USDT
BTCUSDT
Trade
Close Sell
0.0010
0.000
66,868.00000000
0.00000000
0.0368 USDT
-0.0779
-0.1147
74.6551
Details
2026-03-08
01:30:18
USDT
BTCUSDT
Trade
Open Buy
0.0010
0.001
66,945.90000000
0.00000000
0.0368 USDT
0.0000
-0.0368
74.7697
Details
2026-03-08
01:19:47
USDT
BTCUSDT
Trade
Close Sell
0.0010
0.000
67,034.90000000
0.00000000
0.0369 USDT
+0.0698
+0.0329
74.8066
Details
2026-03-08
01:15:20
USDT
BTCUSDT
Trade
Open Buy
0.0010
0.001
66,965.10000000
0.00000000
0.0368 USDT
0.0000
-0.0368
74.7736
Details
2026-03-08
01:03:37
USDT
BTCUSDT
Trade
Close Sell
0.0010
0.000
66,887.90000000
0.00000000
0.0368 USDT
-0.0728
-0.1096
74.8105
Details
2026-03-08
01:00:28
USDT
BTCUSDT
Trade
Open Buy
0.0010
0.001
66,960.70000000
0.00000000
0.0368 USDT
0.0000
-0.0368
74.9200
Details
2026-03-08
00:31:43
USDT
BTCUSDT
Trade
Close Buy
0.0010
0.000
66,927.00000000
0.00000000
0.0368 USDT
+0.0669
+0.0301
74.9569
Details
2026-03-08
07:51:24
USDT
BTCUSDT
Trade
Close Sell
0.0010
0.000
67,837.10000000
0.00000000
0.0373 USDT
-0.0763
-0.1136
73.9259
Details
2026-03-08
07:45:18
USDT
BTCUSDT
Trade
Open Buy
0.0010
0.001
67,913.40000000
0.00000000
0.0374 USDT
0.0000
-0.0374
74.0395
Details
2026-03-08
07:39:00
USDT
BTCUSDT
Trade
Close Sell
0.0010
0.000
67,914.70000000
0.00000000
0.0374 USDT
-0.0648
-0.1022
74.0769
Details
2026-03-08
07:30:25
USDT
BTCUSDT
Trade
Open Buy
0.0010
0.001
67,979.50000000
0.00000000
0.0374 USDT
0.0000
-0.0374
74.1790
Details
2026-03-08
07:19:44
USDT
BTCUSDT
Trade
Close Sell
0.0010
0.000
67,909.90000000
0.00000000
0.0374 USDT
+0.0747
+0.0373
74.2164
Details
2026-03-08
07:15:24
USDT
BTCUSDT
Trade
Open Buy
0.0010
0.001
67,835.20000000
0.00000000
0.0373 USDT
0.0000
-0.0373
74.1791
Details
2026-03-08
07:03:57
USDT
BTCUSDT
Trade
Close Sell
0.0010
0.000
67,783.80000000
0.00000000
0.0373 USDT
+0.0772
+0.0399
74.2164
Details
2026-03-08
06:45:20
USDT
BTCUSDT
Trade
Open Buy
0.0010
0.001
67,706.60000000
0.00000000
0.0372 USDT
0.0000
-0.0372
74.1765
Details
2026-03-08
06:36:02
USDT
BTCUSDT
Trade
Close Sell
0.0010
0.000
67,682.00000000
0.00000000
0.0372 USDT
-0.0700
-0.1072
74.2137
Details
2026-03-08
06:30:21
USDT
BTCUSDT
Trade
Open Buy
0.0010
0.001
67,752.00000000
0.00000000
0.0373 USDT
0.0000
-0.0373
74.3209
Details
2026-03-08
06:16:28
USDT
BTCUSDT
Trade
Close Sell
0.0010
0.000
67,795.00000000
0.00000000
0.0373 USDT
+0.0674
+0.0301
74.3582
Details
2026-03-08
06:15:22
USDT
BTCUSDT
Trade
Open Buy
0.0010
0.001
67,727.60000000
0.00000000
0.0373 USDT
0.0000
-0.0373
74.3281
Details
2026-03-08
06:10:56
USDT
BTCUSDT
Trade
Close Sell
0.0010
0.000
67,528.00000000
0.00000000
0.0371 USDT
+0.0686
+0.0315
74.3653
Details
2026-03-08
06:00:19
USDT
BTCUSDT
Trade
Open Buy
0.0010
0.001
67,459.40000000
0.00000000
0.0371 USDT
0.0000
-0.0371
74.3339
Details
2026-03-08
05:56:48
USDT
BTCUSDT
Trade
Close Sell
0.0010
0.000
67,523.00000000
0.00000000
0.0371 USDT
+0.0703
+0.0332
74.3710
Details
2026-03-08
05:45:22
USDT
BTCUSDT
Trade
Open Buy
0.0010
0.001
67,452.70000000
0.00000000
0.0371 USDT
0.0000
-0.0371
74.3378
Details
2026-03-08
05:40:17
USDT
BTCUSDT
Trade
Close Sell
0.0010
0.000
67,330.00000000
0.00000000
0.0370 USDT
+0.0900
+0.0530
74.3749
Details
2026-03-08
05:30:23
USDT
BTCUSDT
Trade
Open Buy
0.0010
0.001
67,240.00000000
0.00000000
0.0370 USDT
0.0000
-0.0370
74.3219
Details
2026-03-08
05:15:26
USDT
BTCUSDT
Trade
Close Sell
0.0010
0.000
67,212.00000000
0.00000000
0.0370 USDT
-0.0680
-0.1050
74.3589
Details
2026-03-08
05:00:00
USDT
BTCUSDT
Funding Rate Settlement
Buy
--
0.001
--
0.00289643
-- USDT
0.0000
+0.0029
74.4639
Details
2026-03-08
11:02:22
USDT
BTCUSDT
Trade
Close Sell
0.0010
0.000
67,177.80000000
0.00000000
0.0369 USDT
-0.0622
-0.0991
73.3007
Details
2026-03-08
11:00:56
USDT
BTCUSDT
Trade
Open Buy
0.0010
0.001
67,240.00000000
0.00000000
0.0370 USDT
0.0000
-0.0370
73.3999
Details
2026-03-08
10:48:17
USDT
BTCUSDT
Trade
Close Sell
0.0010
0.000
67,115.00000000
0.00000000
0.0369 USDT
+0.0688
+0.0319
73.4369
Details
2026-03-08
10:45:22
USDT
BTCUSDT
Trade
Open Buy
0.0010
0.001
67,046.20000000
0.00000000
0.0369 USDT
0.0000
-0.0369
73.4050
Details
2026-03-08
10:33:18
USDT
BTCUSDT
Trade
Close Sell
0.0010
0.000
67,002.60000000
0.00000000
0.0369 USDT
-0.0902
-0.1271
73.4418
Details
2026-03-08
10:30:42
USDT
BTCUSDT
Trade
Open Buy
0.0010
0.001
67,092.80000000
0.00000000
0.0369 USDT
0.0000
-0.0369
73.5689
Details
2026-03-08
10:15:57
USDT
BTCUSDT
Trade
Close Sell
0.0010
0.000
66,977.20000000
0.00000000
0.0368 USDT
+0.0675
+0.0307
73.6058
Details
2026-03-08
10:15:19
USDT
BTCUSDT
Trade
Open Buy
0.0010
0.001
66,909.70000000
0.00000000
0.0368 USDT
0.0000
-0.0368
73.5751
Details
2026-03-08
09:46:18
USDT
BTCUSDT
Trade
Close Buy
0.0010
0.000
67,269.60000000
0.00000000
0.0370 USDT
+0.0740
+0.0370
73.6119
Details
2026-03-08
09:45:28
USDT
BTCUSDT
Trade
Open Sell
0.0010
-0.001
67,343.60000000
0.00000000
0.0370 USDT
0.0000
-0.0370
73.5749
Details
2026-03-08
09:33:45
USDT
BTCUSDT
Trade
Close Buy
0.0010
0.000
67,277.30000000
0.00000000
0.0370 USDT
+0.0672
+0.0302
73.6120
Details
2026-03-08
09:30:21
USDT
BTCUSDT
Trade
Open Sell
0.0010
-0.001
67,344.50000000
0.00000000
0.0370 USDT
0.0000
-0.0370
73.5818
Details
2026-03-08
08:50:46
USDT
BTCUSDT
Trade
Close Sell
0.0010
0.000
67,397.10000000
0.00000000
0.0371 USDT
-0.0700
-0.1071
73.6188
Details
2026-03-08
08:45:23
USDT
BTCUSDT
Trade
Open Buy
0.0010
0.001
67,467.10000000
0.00000000
0.0371 USDT
0.0000
-0.0371
73.7259
Details
2026-03-08
08:32:03
USDT
BTCUSDT
Trade
Close Sell
0.0010
0.000
67,737.00000000
0.00000000
0.0373 USDT
+0.0694
+0.0321
73.7630
Details
2026-03-08
08:30:42
USDT
BTCUSDT
Trade
Open Buy
0.0010
0.001
67,667.60000000
0.00000000
0.0372 USDT
0.0000
-0.0372
73.7308
Details
2026-03-08
08:19:09
USDT
BTCUSDT
Trade
Close Sell
0.0010
0.000
67,632.80000000
0.00000000
0.0372 USDT
+0.0745
+0.0373
73.7681
Details
2026-03-08
08:15:19
USDT
BTCUSDT
Trade
Open Buy
0.0010
0.001
67,558.30000000
0.00000000
0.0372 USDT
0.0000
-0.0372
73.7308
Details
2026-03-08
08:03:01
USDT
BTCUSDT
Trade
Close Sell
0.0010
0.000
67,773.80000000
0.00000000
0.0373 USDT
-0.0834
-0.1207
73.7679
Details
2026-03-08
08:00:20
USDT
BTCUSDT
Trade
Open Buy
0.0010
0.001
67,857.20000000
0.00000000
0.0373 USDT
0.0000
-0.0373
73.8886
Details
2026-03-08
15:04:09
USDT
BTCUSDT
Trade
Close Sell
0.0010
0.000
66,938.70000000
0.00000000
0.0368 USDT
-0.0684
-0.1052
72.4078
Details
2026-03-08
15:00:22
USDT
BTCUSDT
Trade
Open Buy
0.0010
0.001
67,007.10000000
0.00000000
0.0369 USDT
0.0000
-0.0369
72.5130
Details
2026-03-08
14:49:02
USDT
BTCUSDT
Trade
Close Sell
0.0010
0.000
67,079.40000000
0.00000000
0.0369 USDT
+0.0677
+0.0308
72.5498
Details
2026-03-08
14:45:23
USDT
BTCUSDT
Trade
Open Buy
0.0010
0.001
67,011.70000000
0.00000000
0.0369 USDT
0.0000
-0.0369
72.5190
Details
2026-03-08
14:34:17
USDT
BTCUSDT
Trade
Close Sell
0.0010
0.000
66,996.80000000
0.00000000
0.0368 USDT
-0.0690
-0.1058
72.5559
Details
2026-03-08
14:15:20
USDT
BTCUSDT
Trade
Open Buy
0.0010
0.001
67,065.80000000
0.00000000
0.0369 USDT
0.0000
-0.0369
72.6617
Details
2026-03-08
14:01:01
USDT
BTCUSDT
Trade
Close Sell
0.0010
0.000
66,802.80000000
0.00000000
0.0367 USDT
-0.0465
-0.0832
72.6986
Details
2026-03-08
14:00:29
USDT
BTCUSDT
Trade
Open Buy
0.0010
0.001
66,849.30000000
0.00000000
0.0368 USDT
0.0000
-0.0368
72.7819
Details
2026-03-08
13:58:32
USDT
BTCUSDT
Trade
Close Sell
0.0010
0.000
66,826.80000000
0.00000000
0.0368 USDT
-0.0676
-0.1044
72.8186
Details
2026-03-08
13:45:19
USDT
BTCUSDT
Trade
Open Buy
0.0010
0.001
66,894.40000000
0.00000000
0.0368 USDT
0.0000
-0.0368
72.9230
Details
2026-03-08
13:32:59
USDT
BTCUSDT
Trade
Close Sell
0.0010
0.000
66,946.70000000
0.00000000
0.0368 USDT
-0.1134
-0.1502
72.9598
Details
2026-03-08
13:15:20
USDT
BTCUSDT
Trade
Open Buy
0.0010
0.001
67,060.10000000
0.00000000
0.0369 USDT
0.0000
-0.0369
73.1100
Details
2026-03-08
13:03:11
USDT
BTCUSDT
Trade
Close Sell
0.0010
0.000
67,214.80000000
0.00000000
0.0370 USDT
+0.0668
+0.0298
73.1469
Details
2026-03-08
13:00:21
USDT
BTCUSDT
Trade
Open Buy
0.0010
0.001
67,148.00000000
0.00000000
0.0369 USDT
0.0000
-0.0369
73.1171
Details
2026-03-08
12:53:38
USDT
BTCUSDT
Trade
Close Sell
0.0010
0.000
67,087.20000000
0.00000000
0.0369 USDT
-0.0691
-0.1060
73.1540
Details
2026-03-08
12:45:22
USDT
BTCUSDT
Trade
Open Buy
0.0010
0.001
67,156.30000000
0.00000000
0.0369 USDT
0.0000
-0.0369
73.2600
Details
2026-03-08
11:48:12
USDT
BTCUSDT
Trade
Close Sell
0.0010
0.000
67,121.60000000
0.00000000
0.0369 USDT
+0.0690
+0.0321
73.2969
Details
2026-03-08
11:45:34
USDT
BTCUSDT
Trade
Open Buy
0.0010
0.001
67,052.60000000
0.00000000
0.0369 USDT
0.0000
-0.0369
73.2648
Details
2026-03-08
11:32:49
USDT
BTCUSDT
Trade
Close Sell
0.0010
0.000
67,317.40000000
0.00000000
0.0370 USDT
+0.0750
+0.0380
73.3017
Details
2026-03-08
11:30:19
USDT
BTCUSDT
Trade
Open Buy
0.0010
0.001
67,242.40000000
0.00000000
0.0370 USDT
0.0000
-0.0370
73.2637
Details
2026-03-08
19:00:42
USDT
BTCUSDT
Trade
Close Buy
0.0010
0.000
66,712.30000000
0.00000000
0.0367 USDT
+0.0979
+0.0612
71.5760
Details
2026-03-08
19:00:23
USDT
BTCUSDT
Trade
Open Sell
0.0010
-0.001
66,810.20000000
0.00000000
0.0367 USDT
0.0000
-0.0367
71.5148
Details
2026-03-08
18:50:16
USDT
BTCUSDT
Trade
Close Buy
0.0010
0.000
66,898.20000000
0.00000000
0.0368 USDT
+0.0929
+0.0561
71.5515
Details
2026-03-08
18:45:22
USDT
BTCUSDT
Trade
Open Sell
0.0010
-0.001
66,991.10000000
0.00000000
0.0368 USDT
0.0000
-0.0368
71.4954
Details
2026-03-08
18:38:00
USDT
BTCUSDT
Trade
Close Buy
0.0010
0.000
66,983.70000000
0.00000000
0.0368 USDT
-0.0717
-0.1085
71.5322
Details
2026-03-08
18:30:25
USDT
BTCUSDT
Trade
Open Sell
0.0010
-0.001
66,912.00000000
0.00000000
0.0368 USDT
0.0000
-0.0368
71.6408
Details
2026-03-08
18:20:28
USDT
BTCUSDT
Trade
Close Buy
0.0010
0.000
66,863.40000000
0.00000000
0.0368 USDT
-0.0735
-0.1103
71.6776
Details
2026-03-08
18:15:21
USDT
BTCUSDT
Trade
Open Sell
0.0010
-0.001
66,789.90000000
0.00000000
0.0367 USDT
0.0000
-0.0367
71.7879
Details
2026-03-08
17:30:36
USDT
BTCUSDT
Trade
Close Buy
0.0010
0.000
67,100.00000000
0.00000000
0.0369 USDT
-0.0696
-0.1065
71.8246
Details
2026-03-08
17:30:21
USDT
BTCUSDT
Trade
Open Sell
0.0010
-0.001
67,030.40000000
0.00000000
0.0369 USDT
0.0000
-0.0369
71.9311
Details
2026-03-08
17:16:45
USDT
BTCUSDT
Trade
Close Buy
0.0010
0.000
67,012.40000000
0.00000000
0.0369 USDT
+0.0695
+0.0326
71.9680
Details
2026-03-08
17:15:19
USDT
BTCUSDT
Trade
Open Sell
0.0010
-0.001
67,081.90000000
0.00000000
0.0369 USDT
0.0000
-0.0369
71.9353
Details
2026-03-08
16:47:46
USDT
BTCUSDT
Trade
Close Buy
0.0010
0.000
67,382.00000000
0.00000000
0.0371 USDT
-0.0716
-0.1087
71.9722
Details
2026-03-08
16:45:23
USDT
BTCUSDT
Trade
Open Sell
0.0010
-0.001
67,310.40000000
0.00000000
0.0370 USDT
0.0000
-0.0370
72.0809
Details
2026-03-08
15:53:26
USDT
BTCUSDT
Trade
Close Sell
0.0010
0.000
66,812.00000000
0.00000000
0.0367 USDT
+0.0675
+0.0308
72.1179
Details
2026-03-08
15:45:20
USDT
BTCUSDT
Trade
Open Buy
0.0010
0.001
66,744.50000000
0.00000000
0.0367 USDT
0.0000
-0.0367
72.0871
Details
2026-03-08
15:37:02
USDT
BTCUSDT
Trade
Close Sell
0.0010
0.000
66,841.90000000
0.00000000
0.0368 USDT
-0.0684
-0.1052
72.1239
Details
2026-03-08
15:30:29
USDT
BTCUSDT
Trade
Open Buy
0.0010
0.001
66,910.30000000
0.00000000
0.0368 USDT
0.0000
-0.0368
72.2290
Details
2026-03-08
15:16:51
USDT
BTCUSDT
Trade
Close Sell
0.0010
0.000
66,829.40000000
0.00000000
0.0368 USDT
-0.0684
-0.1052
72.2658
Details
2026-03-08
15:15:19
USDT
BTCUSDT
Trade
Open Buy
0.0010
0.001
66,897.80000000
0.00000000
0.0368 USDT
0.0000
-0.0368
72.3710
Details
2026-03-08
21:32:08
USDT
BTCUSDT
Trade
Close Buy
0.0010
0.000
66,286.10000000
0.00000000
0.0365 USDT
-0.0807
-0.1172
70.8388
Details
2026-03-08
21:30:28
USDT
BTCUSDT
Trade
Open Sell
0.0010
-0.001
66,205.40000000
0.00000000
0.0364 USDT
0.0000
-0.0364
70.9559
Details
2026-03-08
21:16:28
USDT
BTCUSDT
Trade
Close Buy
0.0010
0.000
66,206.20000000
0.00000000
0.0364 USDT
+0.0982
+0.0618
70.9923
Details
2026-03-08
21:15:22
USDT
BTCUSDT
Trade
Open Sell
0.0010
-0.001
66,304.40000000
0.00000000
0.0365 USDT
0.0000
-0.0365
70.9306
Details
2026-03-08
21:01:36
USDT
BTCUSDT
Trade
Close Buy
0.0010
0.000
66,016.20000000
0.00000000
0.0363 USDT
-0.0751
-0.1114
70.9670
Details
2026-03-08
21:00:21
USDT
BTCUSDT
Trade
Open Sell
0.0010
-0.001
65,941.10000000
0.00000000
0.0363 USDT
0.0000
-0.0363
71.0784
Details
2026-03-08
20:46:07
USDT
BTCUSDT
Trade
Close Buy
0.0010
0.000
65,990.20000000
0.00000000
0.0363 USDT
+0.0756
+0.0393
71.1147
Details
2026-03-08
20:45:19
USDT
BTCUSDT
Trade
Open Sell
0.0010
-0.001
66,065.80000000
0.00000000
0.0363 USDT
0.0000
-0.0363
71.0754
Details
2026-03-08
20:35:04
USDT
BTCUSDT
Trade
Close Buy
0.0010
0.000
66,374.40000000
0.00000000
0.0365 USDT
+0.0728
+0.0363
71.1117
Details
2026-03-08
20:30:22
USDT
BTCUSDT
Trade
Open Sell
0.0010
-0.001
66,447.20000000
0.00000000
0.0365 USDT
0.0000
-0.0365
71.0754
Details
2026-03-08
20:17:04
USDT
BTCUSDT
Trade
Close Buy
0.0010
0.000
66,393.80000000
0.00000000
0.0365 USDT
-0.1029
-0.1394
71.1120
Details
2026-03-08
20:16:23
USDT
BTCUSDT
Trade
Open Sell
0.0010
-0.001
66,290.90000000
0.00000000
0.0365 USDT
0.0000
-0.0365
71.2514
Details
2026-03-08
20:01:17
USDT
BTCUSDT
Trade
Close Buy
0.0010
0.000
66,295.40000000
0.00000000
0.0365 USDT
-0.0827
-0.1192
71.2879
Details
2026-03-08
20:00:23
USDT
BTCUSDT
Trade
Open Sell
0.0010
-0.001
66,212.70000000
0.00000000
0.0364 USDT
0.0000
-0.0364
71.4070
Details
2026-03-08
19:46:43
USDT
BTCUSDT
Trade
Close Buy
0.0010
0.000
66,150.10000000
0.00000000
0.0364 USDT
-0.0702
-0.1066
71.4434
Details
2026-03-08
19:45:30
USDT
BTCUSDT
Trade
Open Sell
0.0010
-0.001
66,079.90000000
0.00000000
0.0363 USDT
0.0000
-0.0363
71.5500
Details
2026-03-08
19:30:56
USDT
BTCUSDT
Trade
Close Buy
0.0010
0.000
65,746.30000000
0.00000000
0.0362 USDT
+0.0675
+0.0313
71.5864
Details
2026-03-08
19:30:26
USDT
BTCUSDT
Trade
Open Sell
0.0010
-0.001
65,813.80000000
0.00000000
0.0362 USDT
0.0000
-0.0362
71.5550
Details
2026-03-08
19:15:42
USDT
BTCUSDT
Trade
Close Buy
0.0010
0.000
65,991.80000000
0.00000000
0.0363 USDT
+0.0879
+0.0516
71.5912
Details
2026-03-08
19:15:30
USDT
BTCUSDT
Trade
Open Sell
0.0010
-0.001
66,079.70000000
0.00000000
0.0363 USDT
0.0000
-0.0363
71.5396
Details
2026-03-10
19:05:00
USDT
BTCUSDT
Trade
Close Buy
0.0010
0.000
69,681.30000000
0.00000000
0.0383 USDT
+0.0869
+0.0486
70.3300
Details
2026-03-10
19:00:25
USDT
BTCUSDT
Trade
Open Sell
0.0010
-0.001
69,768.20000000
0.00000000
0.0384 USDT
0.0000
-0.0384
70.2814
Details
2026-03-10
18:37:51
USDT
BTCUSDT
Trade
Close Buy
0.0010
0.000
69,810.60000000
0.00000000
0.0384 USDT
+0.1327
+0.0943
70.3198
Details
2026-03-10
18:30:23
USDT
BTCUSDT
Trade
Open Sell
0.0010
-0.001
69,943.30000000
0.00000000
0.0385 USDT
0.0000
-0.0385
70.2255
Details
2026-03-10
18:16:54
USDT
BTCUSDT
Trade
Close Buy
0.0010
0.000
70,030.80000000
0.00000000
0.0385 USDT
+0.0935
+0.0550
70.2640
Details
2026-03-10
18:15:33
USDT
BTCUSDT
Trade
Open Sell
0.0010
-0.001
70,124.30000000
0.00000000
0.0386 USDT
0.0000
-0.0386
70.2090
Details
2026-03-10
00:45:31
USDT
BTCUSDT
Trade
Close Buy
0.0010
0.000
69,714.00000000
0.00000000
0.0383 USDT
+0.0810
+0.0427
70.2476
Details
2026-03-10
00:45:21
USDT
BTCUSDT
Trade
Open Sell
0.0010
-0.001
69,795.00000000
0.00000000
0.0384 USDT
0.0000
-0.0384
70.2049
Details
2026-03-10
00:35:22
USDT
BTCUSDT
Trade
Close Buy
0.0010
0.000
70,005.80000000
0.00000000
0.0385 USDT
+0.0742
+0.0357
70.2433
Details
2026-03-10
00:30:25
USDT
BTCUSDT
Trade
Open Sell
0.0010
-0.001
70,080.00000000
0.00000000
0.0385 USDT
0.0000
-0.0385
70.2076
Details
2026-03-10
00:21:18
USDT
BTCUSDT
Trade
Close Buy
0.0010
0.000
70,225.90000000
0.00000000
0.0386 USDT
-0.0886
-0.1272
70.2461
Details
2026-03-10
00:15:22
USDT
BTCUSDT
Trade
Open Sell
0.0010
-0.001
70,137.30000000
0.00000000
0.0386 USDT
0.0000
-0.0386
70.3734
Details
2026-03-08
22:47:41
USDT
BTCUSDT
Trade
Close Sell
0.0010
0.000
66,482.10000000
0.00000000
0.0366 USDT
-0.0774
-0.1140
70.4119
Details
2026-03-08
22:45:27
USDT
BTCUSDT
Trade
Open Buy
0.0010
0.001
66,559.50000000
0.00000000
0.0366 USDT
0.0000
-0.0366
70.5259
Details
2026-03-08
22:30:50
USDT
BTCUSDT
Trade
Close Buy
0.0010
0.000
66,471.70000000
0.00000000
0.0366 USDT
-0.0679
-0.1045
70.5625
Details
2026-03-08
22:30:19
USDT
BTCUSDT
Trade
Open Sell
0.0010
-0.001
66,403.80000000
0.00000000
0.0365 USDT
0.0000
-0.0365
70.6670
Details
2026-03-08
22:16:48
USDT
BTCUSDT
Trade
Close Buy
0.0010
0.000
66,360.80000000
0.00000000
0.0365 USDT
-0.0674
-0.1039
70.7035
Details
2026-03-08
22:15:22
USDT
BTCUSDT
Trade
Open Sell
0.0010
-0.001
66,293.40000000
0.00000000
0.0365 USDT
0.0000
-0.0365
70.8074
Details
2026-03-08
22:04:03
USDT
BTCUSDT
Trade
Close Buy
0.0010
0.000
66,262.10000000
0.00000000
0.0364 USDT
+0.0780
+0.0416
70.8438
Details
2026-03-08
22:00:20
USDT
BTCUSDT
Trade
Open Sell
0.0010
-0.001
66,340.10000000
0.00000000
0.0365 USDT
0.0000
-0.0365
70.8023
Details
2026-03-10
21:32:08
USDT
BTCUSDT
Trade
Close Buy
0.0010
0.000
69,923.60000000
0.00000000
0.0385 USDT
+0.0745
+0.0360
69.8187
Details
2026-03-10
21:30:25
USDT
BTCUSDT
Trade
Open Sell
0.0010
-0.001
69,998.10000000
0.00000000
0.0385 USDT
0.0000
-0.0385
69.7827
Details
2026-03-10
21:17:48
USDT
BTCUSDT
Trade
Close Buy
0.0010
0.000
69,905.20000000
0.00000000
0.0384 USDT
+0.0758
+0.0374
69.8212
Details
2026-03-10
21:15:23
USDT
BTCUSDT
Trade
Open Sell
0.0010
-0.001
69,981.00000000
0.00000000
0.0385 USDT
0.0000
-0.0385
69.7838
Details
2026-03-10
21:01:03
USDT
BTCUSDT
Trade
Close Buy
0.0010
0.000
69,786.30000000
0.00000000
0.0384 USDT
+0.0798
+0.0414
69.8223
Details
2026-03-10
21:00:24
USDT
BTCUSDT
Trade
Open Sell
0.0010
-0.001
69,866.10000000
0.00000000
0.0384 USDT
0.0000
-0.0384
69.7809
Details
2026-03-10
20:49:45
USDT
BTCUSDT
Trade
Close Buy
0.0010
0.000
69,840.20000000
0.00000000
0.0384 USDT
+0.0698
+0.0314
69.8193
Details
2026-03-10
20:45:25
USDT
BTCUSDT
Trade
Open Sell
0.0010
-0.001
69,910.00000000
0.00000000
0.0385 USDT
0.0000
-0.0385
69.7879
Details
2026-03-10
20:31:19
USDT
BTCUSDT
Trade
Close Buy
0.0010
0.000
69,862.50000000
0.00000000
0.0384 USDT
-0.0968
-0.1352
69.8264
Details
2026-03-10
20:30:27
USDT
BTCUSDT
Trade
Open Sell
0.0010
-0.001
69,765.70000000
0.00000000
0.0384 USDT
0.0000
-0.0384
69.9616
Details
2026-03-10
20:21:05
USDT
BTCUSDT
Trade
Close Buy
0.0010
0.000
69,686.30000000
0.00000000
0.0383 USDT
+0.0756
+0.0373
70.0000
Details
2026-03-10
20:15:27
USDT
BTCUSDT
Trade
Open Sell
0.0010
-0.001
69,761.90000000
0.00000000
0.0384 USDT
0.0000
-0.0384
69.9627
Details
2026-03-10
20:01:09
USDT
BTCUSDT
Trade
Close Buy
0.0010
0.000
69,751.60000000
0.00000000
0.0384 USDT
-0.0770
-0.1154
70.0011
Details
2026-03-10
20:00:24
USDT
BTCUSDT
Trade
Open Sell
0.0010
-0.001
69,674.60000000
0.00000000
0.0383 USDT
0.0000
-0.0383
70.1164
Details
2026-03-10
19:49:33
USDT
BTCUSDT
Trade
Close Buy
0.0010
0.000
69,678.00000000
0.00000000
0.0383 USDT
-0.0905
-0.1288
70.1548
Details
2026-03-10
19:45:24
USDT
BTCUSDT
Trade
Open Sell
0.0010
-0.001
69,587.50000000
0.00000000
0.0383 USDT
0.0000
-0.0383
70.2836
Details
2026-03-10
19:33:06
USDT
BTCUSDT
Trade
Close Buy
0.0010
0.000
69,517.30000000
0.00000000
0.0382 USDT
+0.0709
+0.0327
70.3219
Details
2026-03-10
19:30:22
USDT
BTCUSDT
Trade
Open Sell
0.0010
-0.001
69,588.20000000
0.00000000
0.0383 USDT
0.0000
-0.0383
70.2892
Details
2026-03-10
19:16:13
USDT
BTCUSDT
Trade
Close Buy
0.0010
0.000
69,450.10000000
0.00000000
0.0382 USDT
+0.0739
+0.0357
70.3275
Details
2026-03-10
19:15:23
USDT
BTCUSDT
Trade
Open Sell
0.0010
-0.001
69,524.00000000
0.00000000
0.0382 USDT
0.0000
-0.0382
70.2918
Details
2026-03-11
19:19:10
USDT
BTCUSDT
Trade
Close Buy
0.0010
0.000
70,683.50000000
0.00000000
0.0389 USDT
+0.0609
+0.0220
69.0591
Details
2026-03-11
19:15:21
USDT
BTCUSDT
Trade
Open Sell
0.0010
-0.001
70,744.40000000
0.00000000
0.0389 USDT
0.0000
-0.0389
69.0371
Details
2026-03-11
19:09:34
USDT
BTCUSDT
Trade
Close Sell
0.0010
0.000
70,635.40000000
0.00000000
0.0388 USDT
-0.0716
-0.1104
69.0760
Details
2026-03-11
19:00:21
USDT
BTCUSDT
Trade
Open Buy
0.0010
0.001
70,707.00000000
0.00000000
0.0389 USDT
0.0000
-0.0389
69.1865
Details
2026-03-11
00:19:51
USDT
BTCUSDT
Trade
Close Sell
0.0010
0.000
69,552.40000000
0.00000000
0.0383 USDT
-0.0776
-0.1159
69.2254
Details
2026-03-11
00:15:20
USDT
BTCUSDT
Trade
Open Buy
0.0010
0.001
69,630.00000000
0.00000000
0.0383 USDT
0.0000
-0.0383
69.3412
Details
2026-03-11
00:01:03
USDT
BTCUSDT
Trade
Close Sell
0.0010
0.000
69,831.20000000
0.00000000
0.0384 USDT
+0.0836
+0.0452
69.3795
Details
2026-03-11
00:00:21
USDT
BTCUSDT
Trade
Open Buy
0.0010
0.001
69,747.60000000
0.00000000
0.0384 USDT
0.0000
-0.0384
69.3343
Details
2026-03-10
23:52:02
USDT
BTCUSDT
Trade
Close Sell
0.0010
0.000
69,712.50000000
0.00000000
0.0383 USDT
+0.0753
+0.0370
69.3727
Details
2026-03-10
23:45:28
USDT
BTCUSDT
Trade
Open Buy
0.0010
0.001
69,637.20000000
0.00000000
0.0383 USDT
0.0000
-0.0383
69.3357
Details
2026-03-10
23:32:47
USDT
BTCUSDT
Trade
Close Sell
0.0010
0.000
69,844.00000000
0.00000000
0.0384 USDT
-0.0719
-0.1103
69.3740
Details
2026-03-10
23:30:25
USDT
BTCUSDT
Trade
Open Buy
0.0010
0.001
69,915.90000000
0.00000000
0.0385 USDT
0.0000
-0.0385
69.4843
Details
2026-03-10
23:23:04
USDT
BTCUSDT
Trade
Close Sell
0.0010
0.000
69,895.70000000
0.00000000
0.0384 USDT
-0.0703
-0.1087
69.5228
Details
2026-03-10
23:15:30
USDT
BTCUSDT
Trade
Open Buy
0.0010
0.001
69,966.00000000
0.00000000
0.0385 USDT
0.0000
-0.0385
69.6315
Details
2026-03-10
23:12:01
USDT
BTCUSDT
Trade
Close Sell
0.0010
0.000
69,981.90000000
0.00000000
0.0385 USDT
-0.0741
-0.1126
69.6700
Details
2026-03-10
23:00:22
USDT
BTCUSDT
Trade
Open Buy
0.0010
0.001
70,056.00000000
0.00000000
0.0385 USDT
0.0000
-0.0385
69.7826
Details
2026-03-10
22:16:36
USDT
BTCUSDT
Trade
Close Sell
0.0010
0.000
70,020.50000000
0.00000000
0.0385 USDT
+0.0710
+0.0325
69.8211
Details
2026-03-10
22:15:23
USDT
BTCUSDT
Trade
Open Buy
0.0010
0.001
69,949.50000000
0.00000000
0.0385 USDT
0.0000
-0.0385
69.7887
Details
2026-03-10
21:46:39
USDT
BTCUSDT
Trade
Close Sell
0.0010
0.000
69,956.70000000
0.00000000
0.0385 USDT
+0.0853
+0.0468
69.8271
Details
2026-03-10
21:45:26
USDT
BTCUSDT
Trade
Open Buy
0.0010
0.001
69,871.40000000
0.00000000
0.0384 USDT
0.0000
-0.0384
69.7803
Details
2026-03-12
19:33:35
USDT
BTCUSDT
Trade
Close Buy
0.0010
0.000
70,188.40000000
0.00000000
0.0386 USDT
-0.0748
-0.1134
68.2774
Details
2026-03-12
19:30:24
USDT
BTCUSDT
Trade
Open Sell
0.0010
-0.001
70,113.60000000
0.00000000
0.0386 USDT
0.0000
-0.0386
68.3908
Details
2026-03-12
19:16:41
USDT
BTCUSDT
Trade
Close Buy
0.0010
0.000
70,084.10000000
0.00000000
0.0385 USDT
+0.0763
+0.0378
68.4294
Details
2026-03-12
19:15:25
USDT
BTCUSDT
Trade
Open Sell
0.0010
-0.001
70,160.40000000
0.00000000
0.0386 USDT
0.0000
-0.0386
68.3916
Details
2026-03-12
19:10:04
USDT
BTCUSDT
Trade
Close Buy
0.0010
0.000
70,151.20000000
0.00000000
0.0386 USDT
+0.0803
+0.0417
68.4302
Details
2026-03-12
19:00:36
USDT
BTCUSDT
Trade
Open Sell
0.0010
-0.001
70,231.50000000
0.00000000
0.0386 USDT
0.0000
-0.0386
68.3885
Details
2026-03-11
22:33:16
USDT
BTCUSDT
Trade
Close Sell
0.0010
0.000
69,780.00000000
0.00000000
0.0384 USDT
-0.0833
-0.1217
68.4271
Details
2026-03-11
22:30:32
USDT
BTCUSDT
Trade
Open Buy
0.0010
0.001
69,863.30000000
0.00000000
0.0384 USDT
0.0000
-0.0384
68.5488
Details
2026-03-11
22:17:50
USDT
BTCUSDT
Trade
Close Sell
0.0010
0.000
69,933.00000000
0.00000000
0.0385 USDT
+0.0729
+0.0344
68.5872
Details
2026-03-11
22:15:29
USDT
BTCUSDT
Trade
Open Buy
0.0010
0.001
69,860.10000000
0.00000000
0.0384 USDT
0.0000
-0.0384
68.5528
Details
2026-03-11
22:01:44
USDT
BTCUSDT
Trade
Close Buy
0.0010
0.000
70,108.70000000
0.00000000
0.0386 USDT
+0.0757
+0.0371
68.5912
Details
2026-03-11
22:00:32
USDT
BTCUSDT
Trade
Open Sell
0.0010
-0.001
70,184.40000000
0.00000000
0.0386 USDT
0.0000
-0.0386
68.5541
Details
2026-03-11
20:47:32
USDT
BTCUSDT
Trade
Close Sell
0.0010
0.000
70,131.40000000
0.00000000
0.0386 USDT
-0.0733
-0.1119
68.5927
Details
2026-03-11
20:45:22
USDT
BTCUSDT
Trade
Open Buy
0.0010
0.001
70,204.70000000
0.00000000
0.0386 USDT
0.0000
-0.0386
68.7046
Details
2026-03-11
20:32:16
USDT
BTCUSDT
Trade
Close Sell
0.0010
0.000
70,209.30000000
0.00000000
0.0386 USDT
-0.0720
-0.1106
68.7432
Details
2026-03-11
20:30:21
USDT
BTCUSDT
Trade
Open Buy
0.0010
0.001
70,281.30000000
0.00000000
0.0387 USDT
0.0000
-0.0387
68.8538
Details
2026-03-11
20:17:22
USDT
BTCUSDT
Trade
Close Sell
0.0010
0.000
70,329.30000000
0.00000000
0.0387 USDT
-0.0829
-0.1216
68.8924
Details
2026-03-11
20:00:23
USDT
BTCUSDT
Trade
Open Buy
0.0010
0.001
70,412.20000000
0.00000000
0.0387 USDT
0.0000
-0.0387
69.0140
Details
2026-03-11
19:31:00
USDT
BTCUSDT
Trade
Close Buy
0.0010
0.000
70,417.30000000
0.00000000
0.0387 USDT
+0.0711
+0.0324
69.0527
Details
2026-03-11
19:30:28
USDT
BTCUSDT
Trade
Open Sell
0.0010
-0.001
70,488.40000000
0.00000000
0.0388 USDT
0.0000
-0.0388
69.0204
Details
2026-03-12
22:01:38
USDT
BTCUSDT
Trade
Close Buy
0.0010
0.000
71,613.20000000
0.00000000
0.0394 USDT
-0.0746
-0.1140
67.2335
Details
2026-03-12
22:00:22
USDT
BTCUSDT
Trade
Open Sell
0.0010
-0.001
71,538.60000000
0.00000000
0.0393 USDT
0.0000
-0.0393
67.3475
Details
2026-03-12
21:45:57
USDT
BTCUSDT
Trade
Close Buy
0.0010
0.000
71,436.60000000
0.00000000
0.0393 USDT
+0.0756
+0.0363
67.3869
Details
2026-03-12
21:45:28
USDT
BTCUSDT
Trade
Open Sell
0.0010
-0.001
71,512.20000000
0.00000000
0.0393 USDT
0.0000
-0.0393
67.3505
Details
2026-03-12
21:30:32
USDT
BTCUSDT
Trade
Close Buy
0.0010
0.000
71,641.40000000
0.00000000
0.0394 USDT
-0.1101
-0.1495
67.3899
Details
2026-03-12
21:30:21
USDT
BTCUSDT
Trade
Open Sell
0.0010
-0.001
71,531.30000000
0.00000000
0.0393 USDT
0.0000
-0.0393
67.5394
Details
2026-03-12
21:15:40
USDT
BTCUSDT
Trade
Close Buy
0.0010
0.000
71,393.50000000
0.00000000
0.0393 USDT
-0.1522
-0.1915
67.5787
Details
2026-03-12
21:15:24
USDT
BTCUSDT
Trade
Open Sell
0.0010
-0.001
71,241.30000000
0.00000000
0.0392 USDT
0.0000
-0.0392
67.7702
Details
2026-03-12
21:01:20
USDT
BTCUSDT
Trade
Close Buy
0.0010
0.000
70,363.50000000
0.00000000
0.0387 USDT
+0.0875
+0.0488
67.8094
Details
2026-03-12
21:00:21
USDT
BTCUSDT
Trade
Open Sell
0.0010
-0.001
70,451.00000000
0.00000000
0.0387 USDT
0.0000
-0.0387
67.7606
Details
2026-03-12
20:46:31
USDT
BTCUSDT
Trade
Close Buy
0.0010
0.000
70,513.50000000
0.00000000
0.0388 USDT
+0.0936
+0.0548
67.7993
Details
2026-03-12
20:45:23
USDT
BTCUSDT
Trade
Open Sell
0.0010
-0.001
70,607.10000000
0.00000000
0.0388 USDT
0.0000
-0.0388
67.7445
Details
2026-03-12
20:42:59
USDT
BTCUSDT
Trade
Close Buy
0.0010
0.000
70,561.80000000
0.00000000
0.0388 USDT
-0.0761
-0.1149
67.7833
Details
2026-03-12
20:30:21
USDT
BTCUSDT
Trade
Open Sell
0.0010
-0.001
70,485.70000000
0.00000000
0.0388 USDT
0.0000
-0.0388
67.8982
Details
2026-03-12
20:19:13
USDT
BTCUSDT
Trade
Close Buy
0.0010
0.000
70,585.00000000
0.00000000
0.0388 USDT
-0.1074
-0.1462
67.9370
Details
2026-03-12
20:15:24
USDT
BTCUSDT
Trade
Open Sell
0.0010
-0.001
70,477.60000000
0.00000000
0.0388 USDT
0.0000
-0.0388
68.0832
Details
2026-03-12
20:03:24
USDT
BTCUSDT
Trade
Close Buy
0.0010
0.000
70,236.00000000
0.00000000
0.0386 USDT
-0.0724
-0.1110
68.1220
Details
2026-03-12
20:00:21
USDT
BTCUSDT
Trade
Open Sell
0.0010
-0.001
70,163.60000000
0.00000000
0.0386 USDT
0.0000
-0.0386
68.2330
Details
2026-03-12
19:54:47
USDT
BTCUSDT
Trade
Close Buy
0.0010
0.000
69,968.30000000
0.00000000
0.0385 USDT
+0.0712
+0.0327
68.2716
Details
2026-03-12
19:45:23
USDT
BTCUSDT
Trade
Open Sell
0.0010
-0.001
70,039.50000000
0.00000000
0.0385 USDT
0.0000
-0.0385
68.2389
Details
2026-03-13
19:01:13
USDT
BTCUSDT
Trade
Close Buy
0.0010
0.000
70,970.10000000
0.00000000
0.0390 USDT
+0.1750
+0.1360
66.8669
Details
2026-03-13
19:00:35
USDT
BTCUSDT
Trade
Open Sell
0.0010
-0.001
71,145.10000000
0.00000000
0.0391 USDT
0.0000
-0.0391
66.7309
Details
2026-03-13
18:46:00
USDT
BTCUSDT
Trade
Close Buy
0.0010
0.000
71,174.80000000
0.00000000
0.0391 USDT
-0.0621
-0.1012
66.7700
Details
2026-03-13
18:45:22
USDT
BTCUSDT
Trade
Open Sell
0.0010
-0.001
71,112.70000000
0.00000000
0.0391 USDT
0.0000
-0.0391
66.8713
Details
2026-03-13
18:36:33
USDT
BTCUSDT
Trade
Close Buy
0.0010
0.000
71,227.90000000
0.00000000
0.0392 USDT
-0.0871
-0.1263
66.9104
Details
2026-03-13
18:30:35
USDT
BTCUSDT
Trade
Open Sell
0.0010
-0.001
71,140.80000000
0.00000000
0.0391 USDT
0.0000
-0.0391
67.0367
Details
2026-03-13
00:05:16
USDT
BTCUSDT
Trade
Close Buy
0.0010
0.000
71,079.90000000
0.00000000
0.0391 USDT
+0.0741
+0.0350
67.0758
Details
2026-03-13
00:00:28
USDT
BTCUSDT
Trade
Open Sell
0.0010
-0.001
71,154.00000000
0.00000000
0.0391 USDT
0.0000
-0.0391
67.0408
Details
2026-03-12
23:46:21
USDT
BTCUSDT
Trade
Close Buy
0.0010
0.000
71,083.80000000
0.00000000
0.0391 USDT
+0.0809
+0.0418
67.0799
Details
2026-03-12
23:45:27
USDT
BTCUSDT
Trade
Open Sell
0.0010
-0.001
71,164.70000000
0.00000000
0.0391 USDT
0.0000
-0.0391
67.0381
Details
2026-03-12
23:32:57
USDT
BTCUSDT
Trade
Close Buy
0.0010
0.000
71,349.10000000
0.00000000
0.0392 USDT
+0.0832
+0.0440
67.0772
Details
2026-03-12
23:30:25
USDT
BTCUSDT
Trade
Open Sell
0.0010
-0.001
71,432.30000000
0.00000000
0.0393 USDT
0.0000
-0.0393
67.0333
Details
2026-03-12
23:00:39
USDT
BTCUSDT
Trade
Close Buy
0.0010
0.000
71,547.50000000
0.00000000
0.0394 USDT
+0.0731
+0.0337
67.0726
Details
2026-03-12
23:00:19
USDT
BTCUSDT
Trade
Open Sell
0.0010
-0.001
71,620.60000000
0.00000000
0.0394 USDT
0.0000
-0.0394
67.0388
Details
2026-03-12
22:48:43
USDT
BTCUSDT
Trade
Close Buy
0.0010
0.000
71,530.30000000
0.00000000
0.0393 USDT
+0.0754
+0.0361
67.0782
Details
2026-03-12
22:45:26
USDT
BTCUSDT
Trade
Open Sell
0.0010
-0.001
71,605.70000000
0.00000000
0.0394 USDT
0.0000
-0.0394
67.0422
Details
2026-03-12
22:35:31
USDT
BTCUSDT
Trade
Close Buy
0.0010
0.000
71,416.50000000
0.00000000
0.0393 USDT
+0.0857
+0.0464
67.0815
Details
2026-03-12
22:30:24
USDT
BTCUSDT
Trade
Open Sell
0.0010
-0.001
71,502.20000000
0.00000000
0.0393 USDT
0.0000
-0.0393
67.0351
Details
2026-03-12
22:17:02
USDT
BTCUSDT
Trade
Close Buy
0.0010
0.000
71,647.50000000
0.00000000
0.0394 USDT
-0.0803
-0.1197
67.0745
Details
2026-03-12
22:15:22
USDT
BTCUSDT
Trade
Open Sell
0.0010
-0.001
71,567.20000000
0.00000000
0.0394 USDT
0.0000
-0.0394
67.1942
Details