timestamp,symbol,side,entry_price,exit_price,qty,pnl,pnl_pct,decision_source,risk_level,take_profit,stop_loss,sentiment_str,sentiment_score,ml_probability,ema_20,ema_50,ema_200,rsi,macd,macd_signal,macd_hist,bb_width,atr,volume,volume_ma,hour,minute
2025-08-10 21:30:45.313277,BTCUSDT,Sell,119494.2,119312.7,0.024,4.36,0.152,misto,desconhecido,,,,,,,,,,,,,,,,,,
2025-08-13 19:36:46.654878,BTCUSDT,Sell,122933.5,123068.1,0.023,-3.1,-0.109,misto,alto,,,neutral,0.0,,51313.85961402416,51516.236105604185,61496.28869479846,46.54657258426731,-1262.15920126532,-899.3332147962623,-362.82598646905774,10247.671551345804,3033.2259127689626,1.895,1.2645499999985448,20,45
2025-10-12 19:47:41.551525,3518ecb5-2930-4af4-b1a2-f6f8c7e22cb3,BTCUSDT,Buy,115243.0,115420.0,0.001,0.18,0.154,misto,medio,115357.84,115127.36,neutral,0.0,0.8867776559869852,111671.63764137047,111645.34463494462,112203.94022718536,51.02604598516765,54.203759476862615,51.73531408418533,2.468445392677282,428.62642756765126,203.56275760295216,167.533,202.602,6,5
2025-10-12 20:10:02.245385,e2ead27e-910d-4b23-9e7b-0497de9479cd,BTCUSDT,Buy,114835.0,114969.9,0.001,0.13,0.117,misto,medio,114970.46,114740.74,neutral,0.0,0.985441719750467,111643.52356555477,111630.86069573431,112245.44670377804,60.64582072358508,62.066032809525495,41.46272021742931,20.603312592096188,456.31491362600354,211.9880494443055,955.348,196.33454999999998,6,25
2025-10-13 00:16:30.896908,88f69a2c-6c2e-4076-9207-33e1755a09dd,BTCUSDT,Sell,115391.6,115275.0,0.001,0.12,0.101,misto,alto,115276.21,115506.99,neutral,0.0,0.9890418385205639,111682.01081376488,111941.68547502912,113065.96315589217,40.22411911629028,-89.18369209699449,-68.11755363611053,-21.066138460883963,723.0767195792869,232.85500097422036,101.56,155.3849,10,35
2026-03-07 16:49:57.182811,ecdcbe55-4ae2-4d53-a64d-cab466dcac23,BTCUSDT,Buy,67214.1,67141.9,0.001,-0.14,-0.107,misto,medio,67489.32,67007.68,neutral,0.0,0.9843755979469128,68152.26130866804,68033.04411420811,67923.06608743273,65.56785760362199,102.73118067409087,68.74862237681515,33.982558297275716,634.652603871742,137.61039611526934,107.749,192.71800000000002,3,5
2026-03-07 17:03:42.600449,f15450ba-d57e-4627-8e50-933279f40c3d,BTCUSDT,Buy,67080.8,67154.2,0.001,0.01,0.109,misto,medio,67319.46,66901.81,neutral,0.0,0.9927772448060436,68072.56445154868,67988.90180068968,67902.92959612739,67.51128584014835,66.09224224759964,44.91869053660609,21.17355171099355,423.02639350437676,119.3283432853968,179.552,147.8471,3,20
2026-03-07 17:29:02.945946,39ea9b80-50d3-4360-830e-a19766665875,BTCUSDT,Buy,67197.9,67266.1,0.001,0.0,0.101,misto,medio,67441.21,67015.41,neutral,0.0,0.9999352964683114,68023.66146387318,67960.57519694994,67888.6188227816,61.463452186016326,44.02535948462901,31.303127549302644,12.722231935326363,339.32236649116385,121.65696186517815,70.976,132.31369999999998,3,35
2026-03-07 17:37:11.376187,f78d010b-4673-44c9-94aa-81993207ac04,BTCUSDT,Buy,67230.5,67313.4,0.001,0.02,0.123,misto,medio,67492.57,67034.12,neutral,0.0,0.997191304794628,67981.22531162381,67937.05774494726,67876.41548125312,57.815337982435246,18.562810765884933,24.88120973488929,-6.318398969004356,301.3168770597549,130.9845014529826,119.848,135.3239,3,50
2026-03-07 18:01:09.239393,d8389087-3296-4ea3-bd1a-d58951ce54e8,BTCUSDT,Buy,67339.3,67408.8,0.001,0.0,0.103,misto,medio,67547.88,67182.86,neutral,0.0,0.9655914383955815,67991.73222398461,67929.88729024887,67865.16080762752,53.76218290836463,41.25805091828806,50.97138561468787,-9.713334696399805,225.25343593696016,104.29195287348014,319.535,87.99245,4,20
2026-03-07 18:35:20.207888,9d26805a-46e4-40f4-b1b9-5272294476e0,BTCUSDT,Buy,67387.9,67288.0,0.001,-0.17,-0.148,misto,medio,67597.05,67231.04,neutral,0.0,0.998660582001007,67993.48035039994,67922.79585769575,67858.66558279548,59.9252102543138,61.759970624087146,57.04705206371827,4.712918560368877,246.13440231146524,104.57419748982872,80.264,76.854,4,35
2026-03-07 18:47:19.425620,58973a21-b836-4ae2-ac95-f49f453766d1,BTCUSDT,Buy,67324.0,67255.0,0.001,-0.14,-0.102,misto,medio,67555.52,67150.36,neutral,0.0,0.9977387539702193,67930.8433160857,67883.26372843482,67838.92812803644,61.807090506550864,52.35019615662168,49.57213932885086,2.7780568277708184,299.8986735555227,115.7589987120542,117.676,113.3434,5,5
2026-03-07 19:09:48.026652,154ccc8f-784b-4042-9af0-662ac5f496c0,BTCUSDT,Buy,67404.8,67332.7,0.001,-0.14,-0.107,misto,medio,67614.61,67247.44,neutral,0.0,0.9990179502136302,67911.45367359565,67870.55449997583,67831.62779306145,53.57019128025958,54.6238075470319,50.47577978488875,4.148027762143151,425.15294706763234,104.90532709714024,69.064,143.55925,5,20
2026-03-07 19:33:12.145957,ce2d508e-bfea-40bf-bb8b-3094c174436a,BTCUSDT,Buy,67291.3,67223.1,0.001,-0.14,-0.101,misto,medio,67508.91,67128.1,neutral,0.0,0.9993155467611196,67898.57254238774,67860.65697762609,67825.20672759657,62.14595786527681,68.5403203607566,43.11684170569545,25.423478655061146,685.0620465330139,108.80319675267563,71.406,218.7165,5,35
2026-03-07 21:17:36.021185,5dcf377d-2a6f-48b1-8a6d-9ef986f0401d,BTCUSDT,Sell,67316.1,67389.8,0.001,-0.14,-0.109,misto,alto,67032.49,67528.81,neutral,0.0,0.9999562077263746,67696.5411544686,67796.42754032642,67791.49054938827,45.03442117589414,-77.11431415991683,-72.47240330226154,-4.64191085765529,501.58172654066584,141.80473083466913,731.181,264.34505,6,50
2026-03-07 23:47:09.560076,df0eec22-d1e3-4ba6-9a6d-f777f9c08667,BTCUSDT,Buy,67300.0,67225.6,0.001,-0.14,-0.111,misto,medio,67501.48,67149.06,neutral,0.0,0.9999366397472128,67970.65107427638,67944.77785222458,67748.28029919887,53.577673837810586,0.29107576320529915,-5.341912463084288,5.632988226289587,415.9529487819236,100.69001741756908,72.702,130.36415000000002,10,5
2026-03-08 00:03:00.019508,74f1b283-d43d-4d68-be29-8dd5493af143,BTCUSDT,Sell,66825.6,66895.0,0.001,-0.14,-0.104,misto,alto,66630.69,66971.79,neutral,0.0,0.9989788225987734,67955.50412506062,67936.04147896127,67735.24769212608,46.252421593587925,-17.553522753354628,-5.59918843156042,-11.954334321794207,412.2634963229066,97.4573065318704,88.708,126.41180000000001,10,20
2026-03-08 00:31:42.786205,28234600-99fb-4b77-a359-19d354faad49,BTCUSDT,Sell,66993.9,66926.9,0.001,0.0,0.1,misto,alto,66783.06,67152.21,neutral,0.0,0.9987315209280732,67969.11271282042,67938.51939328706,67724.9040939581,48.34144855847119,-12.974155221672845,5.237289228344444,-18.21144445001729,399.07740803057095,105.47078879095874,53.933,125.7734,10,35
2026-03-08 01:03:37.668833,605e7b23-4742-473f-839f-ba64ad6bc97b,BTCUSDT,Buy,66960.7,66893.1,0.001,-0.13,-0.101,misto,medio,67133.61,66830.84,neutral,0.0,0.9993193712965204,68018.15093334942,67936.73124700433,67689.72044372273,59.537648840806355,46.96675650383986,39.03583247397577,7.930924029864087,246.64716418492026,86.50624874474798,252.483,104.5551,11,20
2026-03-08 01:19:47.281645,bab0c085-a58b-41f1-8b24-87c020ba8397,BTCUSDT,Buy,66965.1,67034.4,0.001,0.0,0.103,misto,medio,67141.21,66833.01,neutral,0.0,0.9999507465263114,67991.71698328851,67916.73160883822,67672.18351033275,60.30155755783986,40.71572513287538,33.016435944242644,7.699289188632733,198.55801771886763,88.0569649611704,71.346,93.0854,11,35
2026-03-08 01:47:19.484973,,BTCUSDT,Buy,66945.9,66875.0,0.001,-0.14,-0.106,misto,desconhecido,,,,,,,,,,,,,,,,,,
2026-03-08 02:01:08.247661,de85b3c1-b9e9-4e1c-94f1-8e4daf760488,BTCUSDT,Buy,66604.3,66679.0,0.001,0.01,0.112,misto,medio,66798.91,66458.16,neutral,0.0,0.9991072113476236,67942.3068135461,67872.14883137081,67622.98858634155,57.832060358356685,32.85760735615622,29.604130344321163,3.2534770118350593,209.3026937249233,97.35729500185934,68.952,108.73335,12,20
2026-03-08 02:19:08.976588,3eaf4661-f4de-47e5-ac03-773c9eb51374,BTCUSDT,Buy,66941.7,67010.4,0.001,0.0,0.103,misto,medio,67156.08,66780.92,neutral,0.0,0.9946129956081947,67921.9932343822,67855.78380702515,67606.0331810085,54.622942313660744,26.259054285183083,28.083468640497415,-1.8244143553143317,358.77733261766843,107.18805669042334,35.833,151.5143,12,35
2026-03-08 02:48:21.813264,9738bb3f-0726-435e-b1f8-c1c3841c46f1,BTCUSDT,Buy,67121.4,67188.7,0.001,0.0,0.1,misto,medio,67336.0,66960.63,neutral,0.0,0.9999545084222183,67922.08828391982,67847.50497893237,67592.38306371862,56.47453815961331,37.97258257684007,28.69965341676366,9.272929160076409,406.0808786439011,107.24957770215971,57.797,140.6234,12,50
2026-03-08 03:04:08.022754,f089a05e-327b-4f3f-b270-397f04aec66b,BTCUSDT,Buy,67126.2,67196.0,0.001,0.0,0.104,misto,medio,67355.84,66953.97,neutral,0.0,0.9970601785084625,67874.72339608596,67811.66569431561,67560.34521111037,59.43268231970272,21.633652787058963,9.4906828026056,12.142969984453364,435.89724431355717,114.81947332610709,56.404,171.52905,13,20
2026-03-08 03:56:06.554913,849670a2-5578-4416-a81a-68973fb59bba,BTCUSDT,Buy,67072.9,67146.6,0.001,0.01,0.11,misto,medio,67313.33,66892.58,neutral,0.0,0.9971736917816107,67847.48548873042,67793.78687886323,67544.56588069053,50.848544951474096,1.20338412518322,3.5532155192198385,-2.3498313940366184,433.4957969809184,120.21312267413907,225.664,169.9327,13,35
2026-03-08 04:34:42.884068,dd90b509-bd84-4acd-bd69-80dc48ac21aa,BTCUSDT,Buy,67329.6,67256.4,0.001,-0.14,-0.109,misto,medio,67526.95,67181.58,neutral,0.0,0.9961386085609114,67881.85482280368,67755.17702074135,67479.1233151297,67.95280462151817,64.17221834647353,55.876227049554615,8.295991296918913,326.8676668013795,98.67676558936377,98.362,91.60650000000001,14,50
2026-03-08 05:15:26.081025,4f97ae5a-a3e7-4ecf-9243-b776dbe4f5ef,BTCUSDT,Buy,67280.0,67212.0,0.001,-0.14,-0.101,misto,medio,67493.57,67119.82,neutral,0.0,0.9990933060569689,67846.31968372692,67726.16214140336,67460.57354885523,65.09156499329319,55.34192103250825,50.584990793548954,4.756930238959299,290.7707626291376,106.78562630629754,66.64,92.29715,15,5
2026-03-08 05:40:17.544408,3117132a-bf3a-4623-a40c-d4bc1e46d829,BTCUSDT,Buy,67240.0,67329.9,0.001,0.02,0.134,misto,medio,67416.44,67107.67,neutral,0.0,0.9975116460961886,67779.91765988736,67657.34542020774,67411.63236753848,65.1600917493219,48.72989505669102,52.46534439329945,-3.7354493366084327,171.52778900202247,88.21796750773565,84.796,65.60055,15,50
2026-03-08 05:56:48.889586,c6243fd6-2f14-4c93-ae21-22a315c064bc,BTCUSDT,Buy,67452.7,67522.9,0.001,0.0,0.104,misto,medio,67639.82,67312.19,neutral,0.0,0.9984317776914637,67759.38233646002,67634.36645520943,67396.33116645733,64.46834331916833,47.281170796384686,57.46656843466489,-10.185397638280207,172.52553550104494,93.60940184312297,74.44,63.72465,16,5
2026-03-08 06:10:56.793287,11832d84-99df-4eb8-bb5a-51347fbf2d62,BTCUSDT,Buy,67459.4,67527.8,0.001,0.0,0.101,misto,medio,67639.2,67331.72,neutral,0.0,0.9997896672180934,67740.62111331857,67611.80788796123,67382.08199230384,56.20125969605313,46.10396001509798,69.20364635315366,-23.099686338055676,174.56221240613377,87.85124603963868,104.019,59.230399999999996,16,20
2026-03-08 06:16:28.193447,eed76e05-3ba2-46df-87c4-9c0888806cc2,BTCUSDT,Buy,67727.6,67795.8,0.001,0.0,0.101,misto,medio,67904.31,67595.07,neutral,0.0,0.99487731396846,67737.37526308218,67594.1688160681,67369.96423769015,56.655986230396934,62.53910383055336,86.93020260546882,-24.391098774915463,356.5186889914039,88.3550192417806,50.569,106.55484999999999,16,35
2026-03-08 06:36:02.828374,82439539-bbe1-4597-a11b-beffbba7cf9a,BTCUSDT,Buy,67752.0,67682.0,0.001,-0.14,-0.103,misto,medio,67937.21,67613.09,neutral,0.0,0.9802540253674835,67731.8831187415,67573.87228364714,67358.33479363071,58.69257514116544,84.95013447046222,104.25478740858475,-19.30465293812253,431.49129075810197,92.60572377455546,35.394,108.35934999999999,16,50
2026-03-08 07:03:57.791273,c3082780-96b1-461d-b974-da6515eb7588,BTCUSDT,Buy,67706.6,67781.7,0.001,0.01,0.111,misto,medio,67902.67,67559.55,neutral,0.0,0.9682070583172282,67716.81320343947,67548.10359228867,67345.32416653894,66.01308349941277,109.16569101135246,115.30742087282329,-6.141729861470822,510.93771048940835,98.03302816531932,65.436,120.45225,17,5
2026-03-08 07:19:44.455122,4b2aabcd-ceec-407f-8a76-c546680f3605,BTCUSDT,Buy,67835.2,67909.9,0.001,0.01,0.11,misto,medio,68077.0,67653.85,neutral,0.0,0.9705780462618284,67628.51694797841,67472.7731023823,67314.62755999237,73.2834468721033,127.98374767429777,104.96918667887923,23.01456099541855,509.9286926621862,120.90182201196386,87.077,121.97355,17,35
2026-03-08 07:39:00.185892,c7456ca1-3e28-4837-ab80-b092352bde06,BTCUSDT,Buy,67979.5,67908.1,0.001,-0.14,-0.105,misto,medio,68267.69,67763.36,neutral,0.0,0.9942882048080435,67551.04634143655,67424.68291685752,67299.00383450657,74.31431465533043,106.97976221134013,86.63859060479558,20.34117160654455,578.3213428532763,144.09415364631994,81.976,215.5906,17,50
2026-03-08 07:51:24.575675,7eee3e21-17ba-491d-99f3-98ec76546865,BTCUSDT,Buy,67913.4,67837.1,0.001,-0.14,-0.112,misto,medio,68159.29,67728.98,neutral,0.0,0.998013385648432,67486.98556191873,67385.95163131665,67287.16464509827,61.55421846397111,85.78672291146358,78.12969324568957,7.657029665774019,621.4377841748937,122.94590034208456,148.046,200.0922,18,5
2026-03-08 08:03:01.206705,b4b0da13-e6bd-4948-94fd-957b7578368e,BTCUSDT,Buy,67857.2,67773.8,0.001,-0.15,-0.123,misto,medio,68128.5,67653.72,neutral,0.0,0.9888825489342549,67453.5741785014,67360.9292883525,67279.56351817562,65.62869646401991,92.22871225720155,68.85789161769429,23.370820639507258,807.6845649135357,135.65067585902437,96.157,301.18944999999997,18,20
2026-03-08 08:19:09.680351,23d1fb89-34fe-44db-8db8-42b60ef0488e,BTCUSDT,Buy,67558.3,67632.1,0.001,0.01,0.109,misto,medio,67828.87,67355.37,neutral,0.0,0.9754424685678016,67408.09617540748,67332.85782150319,67270.42809493875,63.69541644807143,87.84294977514946,49.74101408977588,38.10193568537358,778.7875592223427,135.2849468710381,149.108,309.77625,18,35
2026-03-08 08:32:03.157119,b37d7d06-0eda-4350-a9b1-2d1c7a1788c0,BTCUSDT,Buy,67667.6,67740.0,0.001,0.0,0.107,misto,medio,67943.78,67450.32,neutral,0.0,0.9359042054638632,67341.54163589585,67298.82422541194,67260.52951942601,69.0012367461557,61.97395714081358,16.54786688403983,45.42609025677375,626.621684910584,140.98833444246864,62.157,309.22955,18,50
2026-03-08 08:50:46.434034,7fbc633d-7475-4b24-8340-3f2d2f7e6237,BTCUSDT,Buy,67467.1,67397.1,0.001,-0.14,-0.104,misto,medio,67778.23,67233.92,neutral,0.0,0.9715173413182686,67275.51399474722,67269.48583338795,67252.30896245112,65.072949384564,21.577861035446404,-16.48747195236991,38.06533298781631,471.3603954508144,155.51739306546446,62.005,323.17465,19,5
2026-03-08 09:33:45.448888,64a32cfb-7659-4c5f-b6f4-be62dfe578cc,BTCUSDT,Sell,67344.5,67267.5,0.001,0.01,0.114,misto,alto,67109.37,67520.67,neutral,0.0,0.99768019980681,67225.6266118755,67259.24661463316,67250.1806780519,24.226148772125512,-64.3750787863828,-28.930659872130462,-35.44441891425234,487.6703292176535,117.51473336584648,1516.597,216.56715,19,50
2026-03-08 09:46:18.428197,5cd70312-59f0-4dd4-8f55-1d601eef6871,BTCUSDT,Sell,67343.6,67263.4,0.001,0.01,0.119,misto,alto,67153.29,67486.33,neutral,0.0,0.9611455176795962,67284.52778157538,67284.58741514105,67257.11827823974,33.754075754484845,-31.058708201278932,-6.233634338461512,-24.82507386281742,314.46621376412804,95.15351563908743,205.396,114.91215,20,5
2026-03-08 10:15:57.794953,d6a3e4a0-07cf-4cc2-b5de-c4c0d81830b1,BTCUSDT,Buy,66909.7,66977.2,0.001,0.0,0.101,misto,medio,67099.4,66769.17,neutral,0.0,0.9814017082043575,67350.17826527645,67305.58683622559,67260.2472178106,50.37333649086328,18.984931340935873,24.672844310106118,-5.687912969170245,143.19127766610472,94.35209879493277,266.642,114.71795,20,35
2026-03-08 10:33:19.007260,06ef7a48-9924-4a86-807e-d76e527bec32,BTCUSDT,Buy,67092.8,67015.1,0.001,-0.14,-0.116,misto,medio,67288.04,66946.72,neutral,0.0,0.9981596976969823,67349.55735722723,67299.6243858272,67255.97786477096,55.00365424466452,27.393841050201445,27.64365499992851,-0.2498139497270664,192.38626146115712,97.5207927159615,108.832,98.29704999999998,20,50
2026-03-08 10:48:17.530414,7636403e-a988-4882-beaf-7db890e4a76d,BTCUSDT,Buy,67046.2,67115.0,0.001,0.0,0.103,misto,medio,67239.95,66900.89,neutral,0.0,0.9997732386984349,67341.48078196356,67290.30300993886,67250.67981831043,58.67266489213868,31.820045807980932,26.762392394428588,5.0576534135523445,283.93949425805476,96.87398644433317,73.981,110.45830000000001,21,5
2026-03-08 11:02:22.081453,cb726c67-b95e-45df-816f-09356077731d,BTCUSDT,Buy,67240.0,67161.3,0.001,-0.15,-0.117,misto,medio,67437.41,67080.57,neutral,0.0,0.9998226953803755,67327.89994469217,67278.94233412265,67245.6955747878,59.411730697451674,31.913533604281838,22.93718360411835,8.976350000163489,293.2685704258038,101.95352632348747,67.393,109.78045000000002,21,20
2026-03-08 11:32:49.416142,f10c3fb4-63b2-40c7-a4ab-7bf40800a53e,BTCUSDT,Buy,67242.4,67317.4,0.001,0.01,0.112,misto,medio,67451.29,67082.41,neutral,0.0,0.9992454522939854,67299.37514150316,67257.30981413859,67238.13314621954,54.956094330599306,26.170169230739702,13.205639901388725,12.964529329350977,250.11524063826073,105.39585128846377,65.692,102.3413,21,50
2026-03-08 11:48:12.541410,774e78c1-cffe-4362-9e61-bc3291314a60,BTCUSDT,Buy,67052.6,67121.4,0.001,0.0,0.103,misto,medio,67262.8,66896.18,neutral,0.0,0.9994908337017845,67271.45557435836,67241.63205650788,67232.85134421028,58.598107664169305,9.414894455010653,2.9768248054153235,6.43806964959533,194.25945948515437,104.74899298757703,147.46,98.3857,22,5
2026-03-08 12:53:38.479629,989e126a-d53f-48ee-b4cf-d80f579232f1,BTCUSDT,Buy,67156.3,67087.1,0.001,-0.14,-0.103,misto,medio,67342.85,67016.39,neutral,0.0,0.9998436079746953,67284.55461005286,67230.69848816002,67229.05863809714,50.01699299561325,21.648340705170995,29.548840595954267,-7.900499890783273,177.52927758419537,93.2730178630763,106.013,74.6489,23,5
2026-03-08 13:03:11.509122,b086eb93-6f68-4397-be0b-ab479cb9f25e,BTCUSDT,Buy,67148.0,67215.7,0.001,0.0,0.101,misto,medio,67349.01,67003.02,neutral,0.0,0.9989796205639453,67285.50725223799,67224.13410374407,67226.85232730825,58.66776285156056,32.566794808692066,34.012474157759755,-1.4456793490676887,268.9962758097681,98.85637108424092,58.263,77.1807,23,20
2026-03-08 13:32:59.913120,a3c47b66-00c5-4d6f-a6f5-42a91fba5f86,BTCUSDT,Buy,67060.1,66968.0,0.001,-0.16,-0.137,misto,medio,67268.12,66904.09,neutral,0.0,0.9997459144221601,67268.3072841519,67210.1580961597,67222.64774605249,52.52515507331732,28.014824162135483,37.40194300348495,-9.38711884134947,286.1963549728971,104.0084130836934,85.828,82.2116,23,35
2026-03-08 13:58:32.933668,133b7716-fae3-4873-a56a-67e0090b02d1,BTCUSDT,Buy,66894.4,66826.9,0.001,-0.13,-0.101,misto,medio,67102.58,66741.76,neutral,0.0,0.9995544045267161,67265.35314352854,67193.30999724554,67216.977586962,63.679811655591344,56.33414261494181,44.85251836420646,11.48162425073535,332.3159340142156,103.0910062043508,97.8,97.06325000000001,0,5
2026-03-08 14:01:01.071108,c39fa798-bf29-4f22-8b09-8fd34ae87e09,BTCUSDT,Buy,66849.3,66781.7,0.001,-0.13,-0.101,misto,medio,67074.72,66680.24,neutral,0.0,0.9999475087760916,67228.4582387762,67170.67605557173,67209.89215171055,61.02766793832116,43.361027917446336,36.57332610873398,6.787701808712356,277.43715973143117,112.70943201689593,86.858,89.45720000000001,0,20
2026-03-08 14:34:17.648774,292e383a-7ea8-4aec-9254-4b8c22e6021c,BTCUSDT,Buy,67065.8,66994.7,0.001,-0.14,-0.106,misto,medio,67303.07,66887.84,neutral,0.0,0.9990450738769353,67198.50758831849,67152.47621178329,67205.74976166172,57.848214016305754,30.774440703724395,33.50227376717088,-2.7278330634464822,250.01751218611025,118.63706844669512,155.775,90.92595,0,35
2026-03-08 14:49:02.849100,cfc4b131-e3a6-4a6f-a67a-fca917314f78,BTCUSDT,Buy,67011.7,67079.3,0.001,0.0,0.101,misto,medio,67265.65,66821.24,neutral,0.0,0.9984213870650938,67190.71294950407,67138.93723363033,67204.62458694528,56.248525638470035,44.8145904266421,51.02404019014387,-6.209449763501773,258.0580523832177,126.97546597841358,112.027,95.87365,1,5
2026-03-08 15:04:09.443540,166f7d8b-1025-4037-a319-1cf04dc7bf1d,BTCUSDT,Buy,67007.1,66940.0,0.001,-0.13,-0.1,misto,medio,67271.79,66808.58,neutral,0.0,0.8019887924152989,67172.00749733356,67125.56954379882,67202.32126366423,53.85343026930799,45.298037654400105,57.0624998956613,-11.764462241261192,459.2432187846862,132.34381171501664,21.202,185.5141,1,20
2026-03-08 15:16:51.658518,f7a5e53c-3eca-4f18-a0dc-a2933ab4df14,BTCUSDT,Buy,66897.8,66819.2,0.001,-0.15,-0.117,misto,medio,67151.18,66694.11,neutral,0.0,0.9881702012944783,67176.23511176844,67121.56770960298,67202.60289098529,53.68404924574415,69.55500535917236,66.10864035463464,3.4463650045377108,610.4281811972032,130.59057969197775,258.544,200.50095000000002,1,35
2026-03-08 15:37:02.728358,1722e30b-02bd-4d0a-baaa-7187b1d59c81,BTCUSDT,Buy,66910.3,66842.0,0.001,-0.14,-0.102,misto,medio,67170.18,66715.56,neutral,0.0,0.9815732825583641,67149.51406445952,67104.60464363267,67199.07854499294,63.28887516170407,76.86976359106484,58.15011359394664,18.719649997118196,615.7515898475831,129.89193758489213,50.591,192.86610000000002,1,50
2026-03-08 15:53:26.903775,d2b767cb-7302-425e-8a97-248a0a318eb2,BTCUSDT,Buy,66744.5,66812.0,0.001,0.0,0.101,misto,medio,67032.36,66530.35,neutral,0.0,0.999949744831115,67107.18620044492,67083.6908140817,67194.92892151841,56.94108660194905,68.45354738728201,44.13351544986168,24.32003193742033,578.7206618047494,143.43103357728566,63.84,199.3854,2,5
2026-03-08 16:47:46.301889,c28028a4-36dd-43cf-b511-c4398a2c6649,BTCUSDT,Sell,67310.4,67382.1,0.001,-0.14,-0.106,misto,alto,67095.71,67471.24,neutral,0.0,0.9997148156704037,66963.27551306023,67043.20495034185,67199.88942613926,39.698242861368065,-18.430076691365684,-20.414022751400186,1.9839460600345014,130.01601593062514,107.29306762396716,168.94,91.49185,3,5
2026-03-08 17:16:45.523399,2f45a08f-9530-4f4c-8cc3-9a448c80ab48,BTCUSDT,Sell,67081.9,67012.3,0.001,0.0,0.104,misto,alto,66857.32,67250.34,neutral,0.0,0.9996215955865355,66970.24274140717,67066.41457631082,67217.28968530423,47.06596818919719,-21.45190151737188,-35.57127775914559,14.119376241773708,494.40245104490896,112.29175432628732,49.792,201.40775000000002,3,35
2026-03-08 17:30:36.658586,f9721e8f-27be-4aa1-9e6b-432268a9b7ab,BTCUSDT,Sell,67030.4,67100.0,0.001,-0.14,-0.104,misto,alto,66786.78,67213.29,neutral,0.0,0.998854167743838,66973.6994064186,67079.94079921882,67225.53623538102,48.238574030507806,-25.815935938808252,-47.8754194471081,22.05948350829985,544.1962660651188,121.85829130446004,31.023,227.45905000000002,3,50
2026-03-08 18:20:28.625176,1667ca43-ccd1-4309-969a-fb907d21f944,BTCUSDT,Sell,66789.9,66863.5,0.001,-0.14,-0.11,misto,alto,66485.08,67018.52,neutral,0.0,0.996679563543891,66954.41847602846,67120.18315090537,67250.63438473608,46.73838134954815,-102.81113090478175,-100.3680864516696,-2.443044453112151,730.6625913508178,152.41235841745336,76.52,231.55170000000004,4,35
2026-03-08 18:38:00.771387,ed1ba0d8-480c-4576-aa1a-c0a9b98ff997,BTCUSDT,Sell,66912.0,66979.1,0.001,-0.13,-0.1,misto,alto,66613.98,67135.69,neutral,0.0,0.9995263294730747,66971.88722939568,67147.94778049205,67261.22218716714,19.77785905069547,-135.82360417545715,-87.18129504334283,-48.64230913211432,714.8727718968294,149.0588370018937,885.921,220.1495,4,50
2026-03-08 18:50:16.649278,5080942e-d9b0-450c-988f-fc34cc064b7c,BTCUSDT,Sell,66991.1,66898.1,0.001,0.03,0.139,misto,alto,66757.88,67169.17,neutral,0.0,0.6652198175621363,67089.44021473505,67212.83500851743,67281.5139022907,29.59111701285127,-71.99677334650187,-58.023697869627654,-13.973075476874214,322.5142725520418,117.51110372829636,309.489,127.5178,5,5
2026-03-08 19:00:42.115448,33e74a7f-4b46-4095-9d9c-95de292418db,BTCUSDT,Sell,66810.2,66712.2,0.001,0.03,0.147,misto,alto,66603.12,66965.51,neutral,0.0,0.9746356060453735,67144.81283406143,67248.44922794391,67292.22497526731,44.143552001281385,-43.78409329615533,-53.49189398728472,9.707800691129385,198.60513588530011,103.53869778537378,315.482,111.40630000000002,5,20
2026-03-08 19:15:42.598135,fb5fb04a-7fae-4ca2-a4cd-47398eb5fe3a,BTCUSDT,Sell,66079.7,65977.1,0.001,0.04,0.156,misto,alto,65881.26,66228.53,neutral,0.0,0.9998508100120994,67164.31789627485,67268.83295336908,67292.92586816028,45.09150731611319,-42.557712913883734,-61.55099943916645,18.99328652528272,355.7544456504402,99.22214569221217,76.986,122.6894,5,35
2026-03-08 19:30:56.072507,3dc28013-1b56-4025-b287-8b76e8575e10,BTCUSDT,Sell,65813.8,65728.5,0.001,0.02,0.13,misto,alto,65603.14,65971.97,neutral,0.0,0.9994585093473937,67166.18466693675,67282.65926773984,67290.23545421338,48.48312530751442,-58.388573604956036,-76.87984581976038,18.49127221480434,447.01893427435425,105.38201510404954,76.404,138.69945,5,50
2026-03-08 19:46:43.142094,1264d2d1-6422-4d3c-b55b-7711f4ae9b7a,BTCUSDT,Sell,66079.9,66157.8,0.001,-0.14,-0.118,misto,alto,65866.65,66239.84,neutral,0.0,0.9997894322201107,67168.78536155578,67298.41626016355,67288.76755887814,46.04448735738531,-82.43930357600038,-88.32220801389568,5.8829044378952915,485.5467499633087,106.6245186471604,87.308,144.45475,6,5
2026-03-08 20:01:17.498660,ebfa1184-9be7-421f-b9ab-3b882102887b,BTCUSDT,Sell,66212.7,66297.4,0.001,-0.15,-0.128,misto,alto,66007.4,66366.68,neutral,0.0,0.9955906928845699,67193.62026954672,67324.2442252102,67290.26610285163,36.041121153164305,-96.5265608017944,-87.06375279977509,-9.462808002019315,457.1500738275063,102.65072659639165,65.514,141.5486,6,20
2026-03-08 20:17:04.775442,23cfd3d2-fa83-4650-99cc-37088c37cc13,BTCUSDT,Sell,66290.9,66393.8,0.001,-0.17,-0.155,misto,alto,66075.13,66436.63,neutral,0.0,0.9980617291881299,67245.1411157009,67359.84111284962,67294.16553745583,29.308099721192264,-88.29844982210489,-77.03190549329076,-11.26654432881412,359.45165126919164,103.28476637859974,40.354,146.65595,6,35
2026-03-08 20:35:04.966156,f09f50bc-0e6c-43b7-9a3f-2be4c2c2418c,BTCUSDT,Sell,66447.2,66375.4,0.001,0.01,0.108,misto,alto,66218.78,66618.51,neutral,0.0,0.8964756217506897,67298.49576746195,67393.8759939029,67296.92219655908,29.28446793602579,-72.6230436963815,-69.12142832067572,-3.501615375705782,259.6113248671754,114.20964166776392,26.647,155.4577,6,50
2026-03-08 20:46:07.645307,a955a965-f0ac-4664-b905-5b9722c0b8b1,BTCUSDT,Sell,66065.8,65980.7,0.001,0.02,0.129,misto,alto,65835.04,66215.95,neutral,0.0,0.9738139497474874,67348.51799067426,67423.86200324554,67296.69366981149,45.87380349289227,-49.998501785623375,-73.81314974616748,23.814647960544107,223.47071306800353,108.83093290696021,581.978,174.58685,7,5
2026-03-08 21:01:36.611807,4f237f7a-b23a-4648-ae4e-6cb37390b5f6,BTCUSDT,Sell,65941.1,66009.8,0.001,-0.13,-0.104,misto,alto,65718.36,66108.33,neutral,0.0,0.9991123801891342,67346.99222994034,67432.79375056445,67288.5956290026,40.815484562294166,-74.12146243381721,-91.26706366221136,17.145601228394142,335.1060273988696,111.41878349519892,206.527,160.6432,7,20
2026-03-08 21:16:28.447301,3899da65-81df-46d0-9433-a31d8793eab2,BTCUSDT,Sell,66304.4,66213.2,0.001,0.02,0.138,misto,alto,66087.4,66472.93,neutral,0.0,0.9995962900376795,67359.4462802363,67448.17118285384,67282.68092396177,42.363603889918615,-95.748504506686,-102.66898043493448,6.920475928248479,524.055653150368,110.15200229509209,74.187,190.5473,7,35
2026-03-08 21:32:08.093160,81443cfe-7153-44af-8195-67e5dc1b5ca9,BTCUSDT,Sell,66205.4,66283.3,0.001,-0.14,-0.118,misto,alto,65965.34,66387.19,neutral,0.0,0.98270600453075,67388.17541850607,67470.11540863168,67277.30672418313,33.081717184328625,-113.09547175402986,-102.43290376250303,-10.662567991526828,771.9810919955198,120.52924349221875,55.327,220.3339,7,50
2026-03-08 22:04:03.406247,49aa4747-fa6f-4d12-8fa2-cb844f727c61,BTCUSDT,Sell,66340.1,66264.9,0.001,0.01,0.113,misto,alto,66064.06,66547.3,neutral,0.0,0.8995809670168537,67500.28987517595,67529.43538320865,67270.52920671263,30.180335671315433,-110.38398740824778,-62.5283542527816,-47.85563315546618,730.8979781050293,138.06784014650916,141.185,211.80955,8,20
2026-03-08 22:16:48.325965,85c90551-e6f4-4742-bf99-b29fe02dee0a,BTCUSDT,Sell,66293.4,66363.0,0.001,-0.14,-0.105,misto,alto,65983.63,66525.73,neutral,0.0,0.9840386943017699,67586.43118954137,67564.42524300858,67266.18014618923,31.14081427463225,-74.17622726620175,-24.823987396472766,-49.35223986972898,601.0793571547838,154.8854902237065,58.49,229.91455000000002,8,35
2026-03-08 22:30:50.291974,4da742f2-b51f-48da-9f62-176afb3212f6,BTCUSDT,Sell,66403.8,66471.7,0.001,-0.13,-0.102,misto,alto,66106.68,66626.46,neutral,0.0,0.9993512278567266,67656.61592674779,67586.81249276154,67257.73367916021,38.473971940215705,-36.1159328847134,10.612098746832611,-46.72803163154602,629.6784893874137,148.5094056246457,158.002,266.2253,8,50
2026-03-08 22:47:41.074697,c16e2fd6-92ce-4433-877e-3c750201113b,BTCUSDT,Buy,66559.5,66483.5,0.001,-0.14,-0.114,misto,medio,66873.31,66324.14,neutral,0.0,0.9999576497605379,67741.16305377467,67604.49821286558,67242.64657836549,50.814082049139564,30.839101805744576,55.51404141030868,-24.674939604564102,492.4132654557179,156.90442134829487,720.875,268.13860000000005,9,10
2026-03-10 00:21:18.851952,cd0c55de-38e1-4110-b42f-738c68180479,BTCUSDT,Sell,70137.3,70216.9,0.001,-0.15,-0.113,misto,alto,69735.29,70438.81,neutral,0.0,0.9995840598464861,67717.71970563136,68057.4602073471,68524.29845942832,44.320309475983215,-148.51816061878344,-197.16908118304138,48.650920564257945,483.4608778349939,201.00599935909372,235.135,279.3853,10,35
2026-03-10 00:35:22.243502,ecee30b3-df1c-4bfd-8726-026b790d2935,BTCUSDT,Sell,70080.0,70005.9,0.001,0.0,0.106,misto,alto,69669.11,70388.35,neutral,0.0,0.9996356188461604,67739.70911298505,68109.02566747289,68562.67611435233,41.741226792337066,-192.28283014864428,-231.11267429681698,38.8298441481727,759.7396669893642,205.49701691996364,201.977,297.12435,10,50
2026-03-10 00:45:31.864793,a4d4d5ce-ac1e-4974-b68a-759ffc17b604,BTCUSDT,Sell,69795.0,69717.1,0.001,0.01,0.112,misto,alto,69343.23,70119.65,neutral,0.0,0.818681234281145,67784.80564322598,68172.66589109281,68602.92876757872,42.32928135666868,-232.68141661440313,-257.0811671940452,24.399750579642046,945.729343732819,221.83575624657186,222.866,391.07785,11,5
2026-03-10 18:16:54.728067,739202b4-df5d-433b-b8e3-4a5742ff9ddf,BTCUSDT,Sell,70124.3,70042.9,0.001,0.01,0.116,misto,alto,69772.58,70387.91,neutral,0.0,0.9987048590464939,70025.19557214969,70178.59932692195,70432.87206541668,42.03061034054981,-44.80054345814278,-50.19746195122969,5.396918493086908,483.7874454793928,175.8091976566499,177.32,188.9221,4,40
2026-03-10 18:37:51.105988,5e282af4-cf7a-4a4e-9d79-71bf881013a9,BTCUSDT,Sell,69943.3,69810.6,0.001,0.06,0.19,misto,alto,69582.51,70225.96,neutral,0.0,0.9992594403657612,70066.5007426376,70213.25550635056,70448.96766233706,47.522668808591646,-18.065817843948025,-60.63381590133423,42.567998057386205,501.43235276429914,183.84253256619053,203.795,221.98404999999997,4,55
2026-03-10 19:05:00.811213,c7447604-fce4-42cd-85ef-650af3b51a91,BTCUSDT,Sell,69768.2,69680.1,0.001,0.02,0.126,misto,alto,69435.85,70018.16,neutral,0.0,0.9975852490923364,70011.17706893448,70234.37071604027,70464.24430709235,47.01787891303838,-96.69395767436072,-138.22310650327523,41.529148828914515,351.4885966835718,166.3734139224891,188.371,196.06355000000002,5,25
2026-03-10 19:16:13.397827,b40ea302-d7e3-447a-a5c5-8760e4cbb93e,BTCUSDT,Sell,69524.0,69450.1,0.001,0.0,0.106,misto,alto,69191.13,69773.47,neutral,0.0,0.9993273168825625,70010.52168437866,70262.75931316633,70475.87129275837,38.66157623326671,-141.79160222680366,-165.22730648880915,23.435704262005487,565.9355355502921,166.3827729386152,219.682,277.302,5,40
2026-03-10 19:33:06.562195,41a0804d-37fc-451a-9d02-5f2b041f513b,BTCUSDT,Sell,69588.2,69516.7,0.001,0.0,0.103,misto,alto,69211.92,69870.41,neutral,0.0,0.9999157299502789,70048.75957388707,70308.75253591132,70491.65588773272,40.82690797697403,-165.94073051739542,-181.79160356176834,15.850873044372918,749.6406848609913,188.14024994093486,72.731,297.42345,5,55
2026-03-10 19:49:33.798545,e18a52b5-4f69-450d-978f-4570c1a28954,BTCUSDT,Sell,69587.5,69673.1,0.001,-0.16,-0.123,misto,alto,69162.43,69906.31,neutral,0.0,0.7843669802880973,70098.45601576316,70360.08669663932,70507.89646858245,34.89479602010904,-191.61010692805576,-188.69238900221126,-2.9177179258444994,823.2698415459599,212.5372370403805,233.111,316.45235,6,10
2026-03-10 20:01:09.151087,7dfed442-7b8d-42bc-808f-7acf55f19816,BTCUSDT,Sell,69674.6,69750.7,0.001,-0.15,-0.109,misto,alto,69250.35,69992.97,neutral,0.0,0.99945662997991,70196.27379522182,70429.11475709327,70528.31231451505,41.087303848664824,-177.8247843333229,-186.94233025041842,9.117545917095526,792.1290238334041,212.17704141946288,561.523,330.6633,6,25
2026-03-10 20:21:05.913756,1fe2015f-ed86-411c-b13c-b66c8f868570,BTCUSDT,Sell,69761.9,69691.3,0.001,0.0,0.101,misto,alto,69342.58,70076.39,neutral,0.0,0.9958298804869427,70240.1945788061,70474.94068038953,70540.81286471148,29.387667158174892,-218.03213255151059,-183.50770392726142,-34.52442862424917,1224.813372069184,209.66016647695395,71.989,458.23724999999996,6,40
2026-03-10 20:31:19.304299,d2ea855f-05be-4ef5-b647-47be2b88cebf,BTCUSDT,Sell,69765.7,69841.0,0.001,-0.15,-0.108,misto,alto,69308.98,70108.24,neutral,0.0,0.9105086835494797,70352.82221804389,70546.0432435959,70559.09092356906,24.47398295603297,-204.95432251425518,-150.52082591661284,-54.433496597642346,1265.6079220675747,228.36212436503322,183.785,500.1896,6,55
2026-03-10 20:49:45.395113,ea639839-23dc-40c9-ac30-39db18603585,BTCUSDT,Sell,69910.0,69836.5,0.001,0.0,0.105,misto,alto,69482.24,70229.24,neutral,0.0,0.9993015835106526,70498.70047545202,70623.23707009005,70577.64259826286,30.27040879627957,-145.18984904546232,-115.92570722966889,-29.264141815793437,1063.6630780468986,213.42989460451122,819.526,506.8523,7,10
2026-03-10 21:01:03.618091,31be02c9-30a0-415e-b1ed-022683ed60c9,BTCUSDT,Sell,69866.1,69785.5,0.001,0.01,0.115,misto,alto,69469.84,70163.47,neutral,0.0,0.6842198923687295,70565.74954089502,70663.08741304406,70583.60981589879,30.73030930757217,-143.21178681156016,-91.84578695743016,-51.365999854129996,967.4550193164032,198.18221990113497,321.878,489.3764499999999,7,25
2026-03-10 21:17:48.800374,ac65abeb-fcd8-4647-b032-27c00e6f85c7,BTCUSDT,Sell,69981.0,69905.2,0.001,0.01,0.108,misto,alto,69532.0,70317.75,neutral,0.0,0.9688019676188617,70660.33140345488,70709.92482818943,70590.55873671448,30.07172599718652,-114.02021618836443,-48.5199062246146,-65.50030996374983,803.1760103492998,224.50081609131422,291.115,499.1259,7,40
2026-03-10 21:32:08.077596,d83514b4-b41d-4097-856e-9fadf90a231f,BTCUSDT,Sell,69998.1,69918.8,0.001,0.01,0.113,misto,alto,69499.8,70360.45,neutral,0.0,0.996764512954802,70772.76391977651,70756.98628126156,70596.52635936256,32.27336387957601,-49.845267412471,-1.9527007662832983,-47.8925666461877,789.510249205603,245.89875285917137,235.535,631.8145499999999,7,55
2026-03-10 21:46:39.273661,1fb20b1b-eed8-41a7-8b2c-ba4d67469cb4,BTCUSDT,Buy,69871.4,69942.4,0.001,0.0,0.102,misto,medio,70268.07,69566.55,neutral,0.0,0.9999224695791045,70844.63368670839,70779.83306567153,70593.07895750683,51.932274623845245,9.269173796550604,18.348845910132365,-9.079672113581761,641.9775073946221,200.43381954443134,464.385,518.5868499999999,8,10
2026-03-10 22:16:36.284885,a315bb49-7d3d-48a5-875f-813ee22df3c0,BTCUSDT,Buy,69949.5,70020.6,0.001,0.0,0.102,misto,medio,70357.47,69643.52,neutral,0.0,0.9998642565031939,70834.42888725863,70758.21051081055,70568.59475606671,52.98311045746216,4.885749893146567,40.03280442037755,-35.147054527230985,672.1768981456116,203.98695908374134,743.623,452.2024,8,40
2026-03-10 23:12:01.493990,8af65b53-c9fa-4a85-a3c7-76a7df8aaf56,BTCUSDT,Buy,70056.0,69981.9,0.001,-0.14,-0.106,misto,medio,70408.08,69791.94,neutral,0.0,0.9954024095444056,70912.26373635483,70745.43297168132,70535.7509159435,70.54994382696395,140.21401423148927,114.450176547164,25.763837684325267,642.0848028108594,176.03845619320106,1582.029,313.87175,9,25
2026-03-10 23:23:03.804115,d392006e-adbc-4278-a198-717ebc60708b,BTCUSDT,Buy,69966.0,69895.8,0.001,-0.14,-0.1,misto,medio,70300.64,69715.02,neutral,0.0,0.9906411852234349,70830.06103755774,70694.48512195502,70511.61079826092,64.86353042596787,117.73913968999113,97.0670907612323,20.67204892875884,562.6721571222588,167.31848445980344,179.618,211.269,9,40
2026-03-10 23:32:46.889945,a7dc72e3-dc1a-4368-9c64-865014f7f355,BTCUSDT,Buy,69915.9,69844.0,0.001,-0.14,-0.103,misto,medio,70258.93,69658.63,neutral,0.0,0.9583486532095312,70762.61823348756,70652.58377920574,70490.82704088376,67.10456584630704,102.32086103972688,80.16359158385097,22.157269455875905,462.3119029405061,171.5165726859116,125.862,224.35070000000002,9,55
2026-03-10 23:52:01.812355,2d2f391a-0376-4439-8ff8-77732ed1629e,BTCUSDT,Buy,69637.2,69707.6,0.001,0.0,0.101,misto,medio,69990.54,69372.2,neutral,0.0,0.9996766114902774,70692.94323569234,70613.51255802013,70470.13582276709,60.63512107477237,74.32580997595505,68.58136127326274,5.74444870269231,351.6577631738619,176.66761310268248,220.721,233.14395,10,10
2026-03-11 00:01:03.178135,fb44f56b-e938-461f-918b-cad751c8c81c,BTCUSDT,Buy,69747.6,69825.0,0.001,0.01,0.111,misto,medio,70114.51,69472.42,neutral,0.0,0.9992671305909693,70658.97059349767,70591.30484957184,70455.68830502103,55.09965300123091,71.74181854848575,66.60020548883999,5.141613059645763,379.16510968250805,183.45486125532878,145.998,228.27215,10,25
2026-03-11 00:19:51.506441,e541aed4-6376-4912-8df1-fadb5c374864,BTCUSDT,Buy,69630.0,69553.3,0.001,-0.15,-0.11,misto,medio,69998.11,69353.91,neutral,0.0,0.9999033996395246,70625.84928720637,70570.66304902923,70441.36022046166,54.965881514307775,70.7897025316488,62.03246132471681,8.757241206931987,493.7773340285639,184.0566890124855,149.604,251.7616,10,40
